ticker,listing_name,type,exchange,fetched_at,fetch_ok,quote_type,name,sector,industry,country,market_cap,shares,total_debt,total_cash,revenue,pe,forward_pe,pb,ps,ev_ebitda,peg,roe,roa,gross_margin,operating_margin,net_margin,revenue_growth,earnings_growth,current_ratio,debt_to_equity,beta,rating_key,rating_score,num_analysts,target_mean,target_median,target_high,target_low,dividend_rate,ex_div_ts,payout_ratio,high_52w,low_52w,category,fund_family,aum,expense_ratio,yield,ytd_return,return_3y,return_5y,top_holdings,financials_weight,sector_weights,last_close,last_close_date,avg_price_1y,return_1y,div_ttm,last_div,last_ex_div,ex_div_date,upside,div_per_share,dividend_yield,status,reason,noncompliant_weight
VGIT,Vanguard Intermediate-Term Treasury ETF,ETF,NASDAQ,2026-09-27 16:38,True,ETF,Vanguard Intermediate-Term Treasury Index Fund ETF Shares,,,,,,,,,,,,,,,,,,,,,,,,0.78,,,,,,,,,,,60.76,56.71,Intermediate Government,Vanguard,48410165248.0,0.03,0.039,-0.6724,0.0363716,-0.0038721,,,{},56.900001525878906,2026-09-25,59.33701198319515,-0.05071733684484048,2.287,0.206,2026-09-01,2026-09-01,,2.287,0.04019332053901335,Non-Compliant,Fixed-income fund (interest-bearing),
SCZ,iShares MSCI EAFE Small-Cap ETF,ETF,NASDAQ,2026-09-27 16:38,True,ETF,iShares MSCI EAFE Small-Cap ETF,,,,,,,,,,,,,,,,,,,,,,,,1.02,,,,,,,,,,,87.85,73.46,Foreign Small/Mid Blend,iShares,13235450880.0,0.4,0.0307,13.76408,0.1810244,0.051469997,"[[""IMI.L"", 0.00272], [""WEIR.L"", 0.00269], [""BEZ.L"", 0.00262], [""BSL.AX"", 0.00261], [""6963.T"", 0.00255], [""5831.T"", 0.00252], [""GTT.PA"", 0.00242], [""7167.T"", 0.00235], [""STB.OL"", 0.0023], [""ACLN.SW"", 0.00228]]",0.1333,"{""realestate"": 0.0965, ""consumer_cyclical"": 0.1235, ""basic_materials"": 0.1034, ""consumer_defensive"": 0.0476, ""technology"": 0.0985, ""communication_services"": 0.043, ""financial_services"": 0.1333, ""utilities"": 0.0225, ""industrials"": 0.2332, ""energy"": 0.035, ""healthcare"": 0.0635}",85.36000061035156,2026-09-25,81.5777291833642,0.12021002662678826,2.667,1.17,2026-06-15,2026-06-15,,2.667,0.031244142232076954,Non-Compliant,"13% of the fund is in financial services (banks, insurers)",0.0
DIVO,Amplify CWP Enhanced Dividend Income ETF,ETF,NYSE Arca,2026-09-27 16:38,True,ETF,Amplify CWP Enhanced Dividend Income ETF,,,,,,,,,,,,,,,,,,,,,,,,0.54,,,,,,,,,,,49.035,43.548,Derivative Income,Amplify ETFs,7912351232.0,0.56,0.0294,11.99879,0.16658181,0.114482,"[[""MSFT"", 0.06344], [""AAPL"", 0.05288], [""V"", 0.05205], [""AMGN"", 0.05192], [""AGPXX"", 0.05116], [""CAT"", 0.04948], [""JPM"", 0.049], [""GS"", 0.04881], [""CVX"", 0.04664], [""AXP"", 0.04175]]",0.2463,"{""realestate"": 0.0, ""consumer_cyclical"": 0.0917, ""basic_materials"": 0.0535, ""consumer_defensive"": 0.0717, ""technology"": 0.182, ""communication_services"": 0.0449, ""financial_services"": 0.2463, ""utilities"": 0.02, ""industrials"": 0.1186, ""energy"": 0.0759, ""healthcare"": 0.0954}",47.290000915527344,2026-09-25,45.96617535290965,0.05960116029019047,3.005,0.195,2026-08-28,2026-08-28,,3.005,0.0635440884293434,Non-Compliant,"Options, futures or other derivatives strategy",
JAVA,JPMorgan Active Value ETF,ETF,NYSE Arca,2026-09-27 16:38,True,ETF,JPMorgan Active Value ETF,,,,,,,,,,,,,,,,,,,,,,,,0.73,,,,,,,,,,,84.06,67.142,Large Value,JPMorgan,7058454016.0,0.44,0.0117,15.84413,0.17554131,,"[[""AMZN"", 0.0728], [""MSFT"", 0.05874], [""AAPL"", 0.03048], [""BAC"", 0.02458], [""WFC"", 0.0222], [""META"", 0.01809], [""MS"", 0.0161], [""C"", 0.01518], [""SCHW"", 0.01495], [""BRK-B"", 0.01466]]",0.1885,"{""realestate"": 0.0377, ""consumer_cyclical"": 0.1271, ""basic_materials"": 0.0308, ""consumer_defensive"": 0.0378, ""technology"": 0.2033, ""communication_services"": 0.0537, ""financial_services"": 0.1885, ""utilities"": 0.0319, ""industrials"": 0.1093, ""energy"": 0.0469, ""healthcare"": 0.1329}",80.93000030517578,2026-09-25,75.49689249593423,0.18042595080331214,0.946,0.233,2026-09-22,2026-09-22,,0.946,0.011689114005100278,Non-Compliant,"19% of the fund is in financial services (banks, insurers)",0.0
QGRW,WisdomTree U.S. Quality Growth Fund,ETF,NYSE Arca,2026-09-27 16:38,True,ETF,Wisdomtree U.S. Quality Growth Fund,,,,,,,,,,,,,,,,,,,,,,,,1.34,,,,,,,,,,,69.34,50.94,Large Growth,WisdomTree,2983510016.0,0.28,0.0007,14.83622,0.2960426,,"[[""NVDA"", 0.12383], [""MSFT"", 0.09562], [""GOOGL"", 0.07538], [""AMZN"", 0.07253], [""META"", 0.05537], [""LLY"", 0.03166], [""AVGO"", 0.03078], [""AAPL"", 0.03051], [""MU"", 0.02566], [""AMD"", 0.02078]]",0.0417,"{""realestate"": 0.0, ""consumer_cyclical"": 0.1396, ""basic_materials"": 0.0, ""consumer_defensive"": 0.0048, ""technology"": 0.5214, ""communication_services"": 0.1472, ""financial_services"": 0.0417, ""utilities"": 0.0088, ""industrials"": 0.0781, ""energy"": 0.005, ""healthcare"": 0.0534}",69.16000366210938,2026-09-25,61.23036646747969,0.21418547706687807,0.05,0.05,2025-12-26,2025-12-26,,0.05,0.0007229612109953293,Questionable,"Top holdings pass, but the fund isn't Shariah-screened or purified",0.0
VTES,Vanguard Wellington Fund Vanguard Short-Term Tax Exempt Bond ETF,ETF,NYSE Arca,2026-09-27 16:38,True,ETF,Vanguard Short-Term Tax-Exempt Bond ETF Shares,,,,,,,,,,,,,,,,,,,,,,,,0.37,,,,,,,,,,,102.71,98.4,Muni National Short,Vanguard,2417039872.0,0.05,0.0274,0.81769,0.0267674,,,,{},98.4800033569336,2026-09-25,101.30770101965186,-0.03370453346157409,2.7319999999999998,0.214,2026-09-01,2026-09-01,,2.7319999999999998,0.027741672490587403,Non-Compliant,Fixed-income fund (interest-bearing),
IBTI,iShares iBonds Dec 2028 Term Treasury ETF,ETF,NASDAQ,2026-09-27 16:38,True,ETF,iShares iBonds Dec 2028 Term Treasury ETF,,,,,,,,,,,,,,,,,,,,,,,,0.56,,,,,,,,,,,22.49,21.86,Target Maturity,iShares,2025366528.0,0.07,0.0377,0.88161,0.045146298,0.0012206,,,{},21.905000686645508,2026-09-25,22.24062146798548,-0.02056781082853809,0.8280000000000001,0.07,2026-09-01,2026-09-01,,0.8280000000000001,0.037799587950015194,Non-Compliant,Fixed-income fund (interest-bearing),
EMGF,iShares Emerging Markets Equity Factor ETF,ETF,Cboe BZX,2026-09-27 16:38,True,ETF,iShares Emerging Markets Equity Factor ETF,,,,,,,,,,,,,,,,,,,,,,,,1.02,,,,,,,,,,,76.58,54.88,Diversified Emerging Mkts,iShares,1929151232.0,0.26,0.02,25.54271,0.2561984,0.109327406,"[[""2330.TW"", 0.10311], [""005930.KQ"", 0.06797], [""000660.KQ"", 0.04508], [""0700.HK"", 0.02718], [""9988.HK"", 0.01957], [""2454.TW"", 0.01502], [""00939"", 0.01021], [""2308.TW"", 0.01004], [""01398"", 0.00758], [""2317.TW"", 0.00662]]",0.1926,"{""realestate"": 0.0094, ""consumer_cyclical"": 0.0925, ""basic_materials"": 0.0581, ""consumer_defensive"": 0.0332, ""technology"": 0.3877, ""communication_services"": 0.0649, ""financial_services"": 0.1926, ""utilities"": 0.0213, ""industrials"": 0.0726, ""energy"": 0.0378, ""healthcare"": 0.03}",72.7300033569336,2026-09-25,64.99723923823748,0.30130621132918,1.443,0.612,2026-06-15,2026-06-15,,1.443,0.019840505065265256,Non-Compliant,"19% of the fund is in financial services (banks, insurers)",0.0
DFGX,Dimensional International Core Fixed Income ETF,ETF,NASDAQ,2026-09-27 16:38,True,ETF,Dimensional International Core Fixed Income ETF,,,,,,,,,,,,,,,,,,,,,,,,0.0,,,,,,,,,,,54.73,51.11,Global Bond-USD Hedged,Dimensional Fund Advisors,1771453696.0,0.2,0.045300003,0.36769,,,,,{},51.27399826049805,2026-09-25,53.01916736435605,-0.0477482199260596,2.35,0.19,2026-08-18,2026-08-18,,2.35,0.04583219720960324,Non-Compliant,Fixed-income fund (interest-bearing),
GEM,Goldman Sachs ActiveBeta Emerging Markets Equity ETF,ETF,NYSE Arca,2026-09-27 16:38,True,ETF,Goldman Sachs ActiveBeta Emerging Markets Equity ETF,,,,,,,,,,,,,,,,,,,,,,,,1.1,,,,,,,,,,,54.29,39.635,Diversified Emerging Mkts,Goldman Sachs,1750021504.0,0.35,0.0187,23.66265,0.23655051,0.0918929,"[[""2330.TW"", 0.13743], [""005930.KQ"", 0.06629], [""FTOXX"", 0.05529], [""000660.KQ"", 0.0427], [""0700.HK"", 0.02543], [""9988.HK"", 0.01582], [""2454.TW"", 0.01326], [""005935"", 0.00869], [""00939"", 0.0073]]",0.2079,"{""realestate"": 0.0086, ""consumer_cyclical"": 0.0795, ""basic_materials"": 0.0554, ""consumer_defensive"": 0.0306, ""technology"": 0.4209, ""communication_services"": 0.0642, ""financial_services"": 0.2079, ""utilities"": 0.0174, ""industrials"": 0.0513, ""energy"": 0.0312, ""healthcare"": 0.0332}",51.97999954223633,2026-09-25,46.48533457113927,0.2907871604509773,0.958,0.958,2025-12-23,2025-12-23,,0.958,0.01843016561055522,Non-Compliant,"21% of the fund is in financial services (banks, insurers)",0.0
TNA,Direxion Small Cap Bull 3X ETF,ETF,NYSE Arca,2026-09-27 16:38,True,ETF,Direxion Daily Small Cap Bull 3X Shares,,,,,,,,,,,,,,,,,,,,,,,,3.78,,,,,,,,,,,77.24,37.03,Trading--Leveraged Equity,Direxion Funds,1208858624.0,1.05,0.003,51.09845,0.291413,-0.0655351,"[[""IWM"", 0.23076]]",0.18090001,"{""realestate"": 0.0655, ""consumer_cyclical"": 0.0896, ""basic_materials"": 0.0446, ""consumer_defensive"": 0.0266, ""technology"": 0.1374, ""communication_services"": 0.0228, ""financial_services"": 0.1809, ""utilities"": 0.0272, ""industrials"": 0.1326, ""energy"": 0.0638, ""healthcare"": 0.2091}",60.36000061035156,2026-09-25,57.24529894034701,0.343124220179172,0.18000000000000002,0.042,2026-09-22,2026-09-22,,0.18000000000000002,0.002982107325710175,Non-Compliant,Leveraged or inverse fund (derivatives and borrowing),
CRBN,iShares Low Carbon Optimized MSCI ACWI ETF,ETF,NYSE Arca,2026-09-27 16:38,True,ETF,iShares Low Carbon Optimized MSCI ACWI ETF,,,,,,,,,,,,,,,,,,,,,,,,1.0,,,,,,,,,,,262.08,215.285,Global Large-Stock Blend,iShares,1177961344.0,0.2,0.0197,13.1677,0.2200286,0.11076181,"[[""NVDA"", 0.04912], [""AAPL"", 0.04527], [""MSFT"", 0.03468], [""AMZN"", 0.02449], [""GOOGL"", 0.02028], [""2330.TW"", 0.01832], [""AVGO"", 0.01615], [""GOOG"", 0.01389], [""META"", 0.01211], [""MU"", 0.01071]]",0.1892,"{""realestate"": 0.0201, ""consumer_cyclical"": 0.078, ""basic_materials"": 0.0335, ""consumer_defensive"": 0.043, ""technology"": 0.3251, ""communication_services"": 0.0849, ""financial_services"": 0.1892, ""utilities"": 0.0229, ""industrials"": 0.0887, ""energy"": 0.0302, ""healthcare"": 0.0846}",259.32000732421875,2026-09-25,240.86992836758435,0.15366139662112643,5.106,1.725,2026-06-15,2026-06-15,,5.106,0.019689957796492526,Non-Compliant,"19% of the fund is in financial services (banks, insurers)",0.0
VFVA,Vanguard U.S. Value Factor ETF,ETF,Cboe BZX,2026-09-27 16:38,True,ETF,Vanguard U.S. Value Factor ETF Shares,,,,,,,,,,,,,,,,,,,,,,,,0.84,,,,,,,,,,,164.02,122.55,Mid-Cap Value,Vanguard,956591232.0,0.13,0.0173,22.85299,0.1807003,0.1179834,"[[""CVS"", 0.00954], [""EOG"", 0.00842], [""BMY"", 0.00839], [""CI"", 0.00805], [""CRM"", 0.00774], [""GM"", 0.00771], [""INTU"", 0.00749], [""VZ"", 0.00735], [""USB"", 0.00734], [""ELV"", 0.00728]]",0.2637,"{""realestate"": 0.0043, ""consumer_cyclical"": 0.137, ""basic_materials"": 0.027, ""consumer_defensive"": 0.0691, ""technology"": 0.1284, ""communication_services"": 0.0567, ""financial_services"": 0.2637, ""utilities"": 0.0, ""industrials"": 0.0681, ""energy"": 0.0853, ""healthcare"": 0.1604}",153.97999572753906,2026-09-25,141.773936115888,0.2048512680017589,2.855,0.685,2026-09-23,2026-09-23,,2.855,0.01854136952342692,Non-Compliant,"26% of the fund is in financial services (banks, insurers)",0.0
ICLO,Invesco AAA CLO Floating Rate Note ETF,ETF,Cboe BZX,2026-09-27 16:38,True,ETF,Invesco AAA CLO Floating Rate Note ETF,,,,,,,,,,,,,,,,,,,,,,,,0.03,,,,,,,,,,,25.72,25.23,Securitized Bond - Focused,Invesco,560325184.0,0.19,0.048699997,3.28197,0.0615346,,"[[""IUGXX"", 0.02847]]",,{},25.584999084472656,2026-09-25,25.580143430793427,-0.000585988155216155,1.2360000000000002,0.099,2026-09-21,2026-09-21,,1.2360000000000002,0.04830955810938916,Non-Compliant,Fixed-income fund (interest-bearing),
UFO,Procure Space ETF,ETF,NASDAQ,2026-09-27 16:38,True,ETF,Procure Space ETF,,,,,,,,,,,,,,,,,,,,,,,,1.9,,,,,,,,,,,68.212,30.89,Miscellaneous Sector,Procure ETF Trust II,557151040.0,0.75,0.0034,13.15779,0.39235002,0.09140819,"[[""GRMN"", 0.06775], [""TRMB"", 0.0675], [""SIRI"", 0.0555], [""VSAT"", 0.05443], [""SPCX"", 0.0507], [""ECHO"", 0.04303], [""ASTS"", 0.04072], [""IRDM"", 0.03638], [""PL"", 0.03618], [""GSAT"", 0.03591]]",0.0,"{""realestate"": 0.0, ""consumer_cyclical"": 0.0, ""basic_materials"": 0.0, ""consumer_defensive"": 0.0, ""technology"": 0.267, ""communication_services"": 0.2345, ""financial_services"": 0.0, ""utilities"": 0.0, ""industrials"": 0.4985, ""energy"": 0.0, ""healthcare"": 0.0}",43.54999923706055,2026-09-25,44.97227490185741,0.24180209911686545,0.148,0.058,2026-06-29,2026-06-29,,0.148,0.003398392711659423,Questionable,"Top holdings pass, but the fund isn't Shariah-screened or purified",0.0
EFAX,State Street SPDR MSCI EAFE Fossil Fuel Reserves Free ETF,ETF,NYSE Arca,2026-09-27 16:38,True,ETF,State Street SPDR MSCI EAFE Fossil Fuel Reserves Free ETF,,,,,,,,,,,,,,,,,,,,,,,,0.99,,,,,,,,,,,56.51,47.86,Foreign Large Blend,State Street Investment Management,513133664.0,0.2,0.0306,12.23698,0.18311001,0.0805797,"[[""ASML.AS"", 0.03156], [""HSBA.L"", 0.0173], [""ROP.SW"", 0.01476], [""NOVN.SW"", 0.01344], [""NESN.SW"", 0.01209], [""AZN.L"", 0.01192], [""SIE.DE"", 0.01186], [""8306.T"", 0.01184], [""SAP.DE"", 0.01114], [""SAN.MC"", 0.01014]]",0.28280002,"{""realestate"": 0.0175, ""consumer_cyclical"": 0.0812, ""basic_materials"": 0.0476, ""consumer_defensive"": 0.071, ""technology"": 0.1214, ""communication_services"": 0.0517, ""financial_services"": 0.2828, ""utilities"": 0.0294, ""industrials"": 0.1861, ""energy"": 0.0012, ""healthcare"": 0.1101}",54.422000885009766,2026-09-25,52.339139459617584,0.1147480791725497,1.705,0.803,2026-06-01,2026-06-01,,1.705,0.03132924134124647,Non-Compliant,"28% of the fund is in financial services (banks, insurers)",0.0
DMAR,FT Vest U.S. Equity Deep Buffer ETF - March,ETF,Cboe BZX,2026-09-27 16:38,True,ETF,FT Vest U.S. Equity Deep Buffer ETF - March,,,,,,,,,,,,,,,,,,,,,,,,0.38,,,,,,,,,,,45.82,40.55,Defined Outcome,First Trust,464585728.0,0.85,0.0,9.39001,0.1230177,0.0789899,,0.12109999,"{""realestate"": 0.0181, ""consumer_cyclical"": 0.0935, ""basic_materials"": 0.0169, ""consumer_defensive"": 0.0446, ""technology"": 0.3847, ""communication_services"": 0.0962, ""financial_services"": 0.1211, ""utilities"": 0.02, ""industrials"": 0.0781, ""energy"": 0.034, ""healthcare"": 0.0929}",45.775001525878906,2026-09-25,43.066498000308336,0.12425095716429224,,,,,,,,Non-Compliant,"Options, futures or other derivatives strategy",
CEMB,iShares J.P. Morgan EM Corporate Bond ETF,ETF,Cboe BZX,2026-09-27 16:38,True,ETF,iShares J.P. Morgan EM Corporate Bond ETF,,,,,,,,,,,,,,,,,,,,,,,,0.66,,,,,,,,,,,46.5,44.25,Emerging Markets Bond,iShares,433650912.0,0.5,0.052199997,1.72368,0.0687481,0.015588501,"[[""XTSLA"", 0.00925]]",0.0,"{""realestate"": 0.0, ""consumer_cyclical"": 0.0, ""basic_materials"": 0.0, ""consumer_defensive"": 0.0, ""technology"": 0.0, ""communication_services"": 0.0, ""financial_services"": 0.0, ""utilities"": 0.0, ""industrials"": 1.0, ""energy"": 0.0, ""healthcare"": 0.0}",44.310001373291016,2026-09-25,45.66964141116199,-0.039453710225083705,2.3569999999999998,0.193,2026-09-01,2026-09-01,,2.3569999999999998,0.05319340841683525,Non-Compliant,Fixed-income fund (interest-bearing),
BOIL,ProShares Ultra Bloomberg Natural Gas,ETF,NYSE Arca,2026-09-27 16:38,True,ETF,ProShares Ultra Bloomberg Natural Gas,,,,,,,,,,,,,,,,,,,,,,,,2.79,,,,,,,,,,,93.7,18.31,Trading--Leveraged Commodities,ProShares,412023360.0,1.39,0.0,-54.57226,-0.6501075,-0.7214478,"[[""IQMM"", 0.115]]",,{},22.65999984741211,2026-09-25,37.89454190379595,-0.5851336453581621,,,,,,,,Non-Compliant,Leveraged or inverse fund (derivatives and borrowing),
URNJ,Sprott Junior Uranium Miners ETF,ETF,NASDAQ,2026-09-27 16:38,True,ETF,Sprott Junior Uranium Miners ETF,,,,,,,,,,,,,,,,,,,,,,,,1.29,,,,,,,,,,,40.81,20.6,Natural Resources,Sprott,395162336.0,0.8,0.0641,2.73918,0.0028968998,,"[[""PDN.AX"", 0.12947], [""DML.TO"", 0.12348], [""NXG"", 0.11615], [""EFR.TO"", 0.10265], [""DYL.AX"", 0.05191], [""BMN.AX"", 0.04893], [""ISO.TO"", 0.0467], [""URE.TO"", 0.04401], [""1164.HK"", 0.04093], [""BOE.AX"", 0.03577]]",0.0,"{""realestate"": 0.0, ""consumer_cyclical"": 0.0, ""basic_materials"": 0.0732, ""consumer_defensive"": 0.0, ""technology"": 0.0, ""communication_services"": 0.0, ""financial_services"": 0.0, ""utilities"": 0.0, ""industrials"": 0.0, ""energy"": 0.9268, ""healthcare"": 0.0}",21.450000762939453,2026-09-25,27.96923894236287,-0.26991145760196933,1.659,1.659,2025-12-18,2025-12-18,,1.659,0.0773426545917127,Questionable,"Top holdings pass, but the fund isn't Shariah-screened or purified",0.0
DRIV,Global X Autonomous & Electric Vehicles ETF,ETF,NASDAQ,2026-09-27 16:38,True,ETF,Global X Autonomous & Electric Vehicles ETF,,,,,,,,,,,,,,,,,,,,,,,,1.77,,,,,,,,,,,42.76,27.05,Miscellaneous Sector,Global X Funds,373723328.0,0.68,0.0063,17.09758,0.1437437,0.0491518,"[[""MSFT"", 0.03883], [""NVDA"", 0.03138], [""TSLA"", 0.02825], [""GOOGL"", 0.02774], [""INTC"", 0.02634], [""7203.T"", 0.02574], [""QCOM"", 0.02452], [""RIO.L"", 0.01907], [""GM"", 0.01798], [""006400.KQ"", 0.01695]]",0.0,"{""realestate"": 0.0, ""consumer_cyclical"": 0.3403, ""basic_materials"": 0.1647, ""consumer_defensive"": 0.0, ""technology"": 0.2894, ""communication_services"": 0.0542, ""financial_services"": 0.0, ""utilities"": 0.0, ""industrials"": 0.1514, ""energy"": 0.0, ""healthcare"": 0.0}",33.654998779296875,2026-09-25,33.34358554247366,0.2041144136182642,0.21899999999999997,0.074,2026-06-29,2026-06-29,,0.21899999999999997,0.006507205703264487,Questionable,"Top holdings pass, but the fund isn't Shariah-screened or purified",0.0
RZV,Invesco S&P SmallCap 600 Pure Value ETF,ETF,NYSE Arca,2026-09-27 16:38,True,ETF,Invesco S&P SmallCap 600 Pure Value ETF,,,,,,,,,,,,,,,,,,,,,,,,1.14,,,,,,,,,,,153.79,109.88,Small Value,Invesco,302517248.0,0.35,0.0139999995,26.19703,0.17738211,0.1039037,"[[""MAN"", 0.02314], [""HZO"", 0.02024], [""ACHC"", 0.01732], [""NWL"", 0.01704], [""EPC"", 0.01634], [""CNXC"", 0.01558], [""PTEN"", 0.01542], [""ICHR"", 0.01453], [""ARCB"", 0.01412], [""VSTS"", 0.01412]]",0.08189999,"{""realestate"": 0.0452, ""consumer_cyclical"": 0.2406, ""basic_materials"": 0.0574, ""consumer_defensive"": 0.1112, ""technology"": 0.1064, ""communication_services"": 0.0324, ""financial_services"": 0.0819, ""utilities"": 0.003, ""industrials"": 0.1687, ""energy"": 0.0902, ""healthcare"": 0.0629}",141.3000030517578,2026-09-25,132.67657358237946,0.1937146217210668,2.043,0.545,2026-09-21,2026-09-21,,2.043,0.014458598413841893,Non-Compliant,"8% of the fund is in financial services (banks, insurers)",0.0
MFUS,PIMCO RAFI Dynamic Multi-Factor U.S. Equity ETF,ETF,NYSE Arca,2026-09-27 16:38,True,ETF,PIMCO RAFI Dynamic Multi-Factor U.S. Equity ETF,,,,,,,,,,,,,,,,,,,,,,,,0.81,,,,,,,,,,,67.74,54.142,Large Value,PIMCO,298021184.0,0.29,0.0137,17.43368,0.21228741,0.1271694,"[[""INTC"", 0.02297], [""XOM"", 0.01836], [""JNJ"", 0.01727], [""CVX"", 0.01607], [""WMT"", 0.01606], [""C"", 0.01489], [""AVGO"", 0.01457], [""LLY"", 0.01398], [""ABBV"", 0.01312], [""CSCO"", 0.01286]]",0.12020001,"{""realestate"": 0.0204, ""consumer_cyclical"": 0.0934, ""basic_materials"": 0.0275, ""consumer_defensive"": 0.0967, ""technology"": 0.2181, ""communication_services"": 0.0486, ""financial_services"": 0.1202, ""utilities"": 0.012, ""industrials"": 0.119, ""energy"": 0.0853, ""healthcare"": 0.1587}",65.6510009765625,2026-09-25,61.06138636676439,0.172067205903345,0.8999999999999999,0.22,2026-07-01,2026-07-01,,0.8999999999999999,0.01370885419281423,Non-Compliant,"12% of the fund is in financial services (banks, insurers)",0.0
ELCV,Strategy Shares Eventide High Dividend ETF,ETF,NYSE Arca,2026-09-27 16:38,True,ETF,Eventide High Dividend ETF,,,,,,,,,,,,,,,,,,,,,,,,0.0,,,,,,,,,,,33.19,25.96,Large Value,Eventide Funds,269172512.0,0.49,0.0214,19.77477,,,"[[""PLD"", 0.0528], [""ETR"", 0.04507], [""AMGN"", 0.04492], [""WMB"", 0.04484], [""RPRX"", 0.03937], [""XOM"", 0.03731], [""MDT"", 0.03276], [""DELL"", 0.03263], [""FITB"", 0.03231], [""HBAN"", 0.03081]]",0.0892,"{""realestate"": 0.0528, ""consumer_cyclical"": 0.0468, ""basic_materials"": 0.0, ""consumer_defensive"": 0.0, ""technology"": 0.1713, ""communication_services"": 0.0, ""financial_services"": 0.0892, ""utilities"": 0.1382, ""industrials"": 0.121, ""energy"": 0.249, ""healthcare"": 0.1316}",30.75,2026-09-25,29.45777686373646,0.1439732500022528,0.6739999999999999,0.301,2026-06-29,2026-06-29,,0.6739999999999999,0.021918699186991866,Non-Compliant,"9% of the fund is in financial services (banks, insurers)",0.0
FCTE,SMI 3Fourteen Full-Cycle Trend ETF,ETF,NASDAQ,2026-09-27 16:38,True,ETF,SMI 3Fourteen Full-Cycle Trend ETF,,,,,,,,,,,,,,,,,,,,,,,,0.0,,,,,,,,,,,30.75,23.893,Large Blend,3fourteensmi,260539168.0,0.85,0.0008,15.92459,,,"[[""MSFT"", 0.05502], [""ANET"", 0.05461], [""NDSN"", 0.0542], [""JNJ"", 0.05226], [""HCA"", 0.05194], [""META"", 0.05192], [""LRCX"", 0.05179], [""CAH"", 0.05132], [""LLY"", 0.05063], [""LOW"", 0.04954]]",0.0,"{""realestate"": 0.0, ""consumer_cyclical"": 0.0495, ""basic_materials"": 0.0, ""consumer_defensive"": 0.0, ""technology"": 0.3973, ""communication_services"": 0.0519, ""financial_services"": 0.0, ""utilities"": 0.0, ""industrials"": 0.2951, ""energy"": 0.0, ""healthcare"": 0.2061}",29.22800064086914,2026-09-25,26.860338689796478,0.10128107131183905,0.022,0.022,2025-12-24,2025-12-24,,0.022,0.0007527028711378116,Questionable,"Top holdings pass, but the fund isn't Shariah-screened or purified",0.0
BCTK,Baron Technology ETF,ETF,NASDAQ,2026-09-27 16:38,True,ETF,Baron Technology ETF,,,,,,,,,,,,,,,,,,,,,,,,1.6,,,,,,,,,,,32.62,22.059,Technology,"Baron Capital Group, Inc.",235082720.0,0.75,0.0,19.02827,0.3705188,,"[[""TSM"", 0.07883], [""AVGO"", 0.06831], [""LRCX"", 0.06688], [""NVDA"", 0.06634], [""GOOG"", 0.06426], [""SPCX"", 0.0624], [""SPOT"", 0.05491], [""AMZN"", 0.04755], [""MU"", 0.04568], [""SHOP"", 0.03696]]",0.0,"{""realestate"": 0.0066, ""consumer_cyclical"": 0.0773, ""basic_materials"": 0.0, ""consumer_defensive"": 0.0, ""technology"": 0.6321, ""communication_services"": 0.1301, ""financial_services"": 0.0, ""utilities"": 0.0051, ""industrials"": 0.1286, ""energy"": 0.0, ""healthcare"": 0.0202}",31.05299949645996,2026-09-25,27.59244379705312,,0.049,0.049,2026-09-22,2026-09-22,,0.049,0.0015779474058725308,Questionable,"Top holdings pass, but the fund isn't Shariah-screened or purified",0.0
FAAR,First Trust Alternative Absolute Return Strategy ETF,ETF,NASDAQ,2026-09-27 16:38,True,ETF,First Trust Alternative Absolute Return Strategy ETF,,,,,,,,,,,,,,,,,,,,,,,,0.55,,,,,,,,,,,35.805,26.73,Commodities Broad Basket,First Trust,209993296.0,0.98,0.0857,14.88129,0.0966901,0.0794114,"[[""MISXX"", 0.19743], [""FCRD"", 0.1776]]",1.0,"{""realestate"": 0.0, ""consumer_cyclical"": 0.0, ""basic_materials"": 0.0, ""consumer_defensive"": 0.0, ""technology"": 0.0, ""communication_services"": 0.0, ""financial_services"": 1.0, ""utilities"": 0.0, ""industrials"": 0.0, ""energy"": 0.0, ""healthcare"": 0.0}",32.244998931884766,2026-09-25,31.266494112660684,0.043696340965156066,3.2150000000000003,0.137,2026-09-24,2026-09-24,,3.2150000000000003,0.09970538398191471,Questionable,"Commodity exposure, often through futures",
JUNT,AllianzIM U.S. Large Cap Buffer10 Jun ETF,ETF,Cboe BZX,2026-09-27 16:38,True,ETF,AllianzIM U.S. Equity Buffer10 Jun ETF,,,,,,,,,,,,,,,,,,,,,,,,0.53,,,,,,,,,,,39.96,34.84,Defined Outcome,AllianzIM,117622200.0,0.74,0.0,6.08512,0.1451658,,,0.12109999,"{""realestate"": 0.0181, ""consumer_cyclical"": 0.0935, ""basic_materials"": 0.0169, ""consumer_defensive"": 0.0446, ""technology"": 0.3847, ""communication_services"": 0.0962, ""financial_services"": 0.1211, ""utilities"": 0.02, ""industrials"": 0.0781, ""energy"": 0.034, ""healthcare"": 0.0929}",38.81999969482422,2026-09-25,36.98846620962439,0.09537249433096573,,,,,,,,Non-Compliant,"Options, futures or other derivatives strategy",
IBIF,iShares iBonds Oct 2029 Term TIPS ETF,ETF,NYSE Arca,2026-09-27 16:38,True,ETF,iShares iBonds Oct 2029 Term TIPS ETF,,,,,,,,,,,,,,,,,,,,,,,,0.0,,,,,,,,,,,26.55,25.37,Target Maturity,iShares,116919160.0,0.1,0.0494,1.60381,0.050052,,"[[""XTSLA"", 0.00015]]",,{},25.434999465942383,2026-09-25,26.13019525292385,-0.040912555546493534,1.268,0.638,2026-07-01,2026-07-01,,1.268,0.04985256640944143,Non-Compliant,Fixed-income fund (interest-bearing),
CRWG,Leverage Shares 2X Long CRWV Daily ETF,ETF,NASDAQ,2026-09-27 16:38,True,ETF,Leverage Shares 2X Long CRWV Daily ETF,,,,,,,,,,,,,,,,,,,,,,,,0.0,,,,,,,,,,,165.95,10.66,Trading--Leveraged Equity,Themes ETF Trust,114507584.0,0.77,0.109799996,-32.88904,,,"[[""FXFXX"", 0.06399]]",,{},18.440000534057617,2026-09-25,44.13794808558734,-0.8257088846676433,2.0,2.0,2025-12-30,2025-12-30,,2.0,0.1084598667069513,Non-Compliant,Leveraged or inverse fund (derivatives and borrowing),
YALL,Truth Social God Bless America ETF,ETF,NYSE Arca,2026-09-27 16:38,True,ETF,Truth Social God Bless America ETF,,,,,,,,,,,,,,,,,,,,,,,,0.97,,,,,,,,,,,45.59,39.84,Large Blend,Yorkville America Investment Trust,89089208.0,0.65,0.0047999998,3.32754,0.1919186,,"[[""NVDA"", 0.07485], [""PLTR"", 0.06988], [""TSLA"", 0.05582], [""AVGO"", 0.05533], [""SCHW"", 0.04911], [""CHTR"", 0.04343], [""SPCX"", 0.04236], [""AMGN"", 0.0423], [""COST"", 0.04222], [""BA"", 0.03976]]",0.1117,"{""realestate"": 0.0241, ""consumer_cyclical"": 0.0982, ""basic_materials"": 0.0549, ""consumer_defensive"": 0.0946, ""technology"": 0.2439, ""communication_services"": 0.0453, ""financial_services"": 0.1117, ""utilities"": 0.0288, ""industrials"": 0.1421, ""energy"": 0.0572, ""healthcare"": 0.0992}",42.9109992980957,2026-09-25,43.60699204524675,-0.031332546896647884,0.214,0.214,2025-12-24,2025-12-24,,0.214,0.004987066334982715,Non-Compliant,"11% of the fund is in financial services (banks, insurers)",0.0
JGRW,Jensen Quality Growth ETF,ETF,NYSE Arca,2026-09-27 16:38,True,ETF,Jensen Quality Growth ETF,,,,,,,,,,,,,,,,,,,,,,,,0.0,,,,,,,,,,,28.96,23.59,Large Blend,Jensen,87746272.0,0.57,0.0037,5.23391,,,"[[""MSFT"", 0.07992], [""AMZN"", 0.0728], [""AAPL"", 0.06405], [""NVDA"", 0.06344], [""GOOGL"", 0.06343], [""MA"", 0.05307], [""MRSH"", 0.04679], [""LLY"", 0.04584], [""SHW"", 0.04422], [""AVGO"", 0.04345]]",0.1008,"{""realestate"": 0.0, ""consumer_cyclical"": 0.1042, ""basic_materials"": 0.0447, ""consumer_defensive"": 0.0295, ""technology"": 0.3929, ""communication_services"": 0.0641, ""financial_services"": 0.1008, ""utilities"": 0.0, ""industrials"": 0.1022, ""energy"": 0.0, ""healthcare"": 0.1616}",27.641000747680664,2026-09-25,26.83968522729152,0.02131989318734573,0.10799999999999998,0.022,2026-09-18,2026-09-18,,0.10799999999999998,0.003907239140357904,Non-Compliant,"10% of the fund is in financial services (banks, insurers)",0.0
TEND,iShares Large Cap 10% Target Buffer Dec ETF,ETF,Cboe BZX,2026-09-27 16:38,True,ETF,Ishares Large Cap 10% Target Buffer Dec ETF,,,,,,,,,,,,,,,,,,,,,,,,0.0,,,,,,,,,,,28.27,24.24,Defined Outcome,iShares,71501296.0,0.5,,9.92532,,,"[[""IVV"", 1.00463], [""XTSLA"", 0.00655]]",0.12109999,"{""realestate"": 0.0181, ""consumer_cyclical"": 0.0935, ""basic_materials"": 0.0169, ""consumer_defensive"": 0.0446, ""technology"": 0.3847, ""communication_services"": 0.0962, ""financial_services"": 0.1211, ""utilities"": 0.02, ""industrials"": 0.0781, ""energy"": 0.034, ""healthcare"": 0.0929}",28.1299991607666,2026-09-25,26.238329216285987,0.12272994684241123,0.036,0.036,2025-12-23,2025-12-23,,0.036,0.0012797725230724436,Non-Compliant,"Options, futures or other derivatives strategy",
EETH,ProShares Ether ETF,ETF,NYSE Arca,2026-09-27 16:38,True,ETF,ProShares Ether ETF,,,,,,,,,,,,,,,,,,,,,,,,0.0,,,,,,,,,,,74.0,18.68,Digital Assets,ProShares,69622296.0,0.95,0.55619997,-18.46383,,,,,{},32.5099983215332,2026-09-25,33.37326292212741,-0.5049489991168166,12.744999999999997,0.027,2026-09-01,2026-09-01,,12.744999999999997,0.3920332407879045,Questionable,Crypto assets (scholars differ),
LCR,Leuthold Core ETF,ETF,NYSE Arca,2026-09-27 16:38,True,ETF,Leuthold Core ETF,,,,,,,,,,,,,,,,,,,,,,,,0.82,,,,,,,,,,,42.03,36.63,Tactical Allocation,Leuthold,69239552.0,0.84,0.0128,7.00641,0.1170621,0.0703236,"[[""XLK"", 0.14357], [""SHY"", 0.14194], [""STIP"", 0.09182], [""XLF"", 0.04885], [""LST"", 0.04677], [""SPDN"", 0.04057], [""XLV"", 0.036], [""IBB"", 0.03398], [""XLE"", 0.03309], [""GDX"", 0.03227]]",0.1523,"{""realestate"": 0.0, ""consumer_cyclical"": 0.0594, ""basic_materials"": 0.0577, ""consumer_defensive"": 0.0049, ""technology"": 0.3162, ""communication_services"": 0.0521, ""financial_services"": 0.1523, ""utilities"": 0.0, ""industrials"": 0.0551, ""energy"": 0.1027, ""healthcare"": 0.1995}",40.36899948120117,2026-09-25,38.833286786934295,0.06717247609334986,0.521,0.521,2025-12-11,2025-12-11,,0.521,0.012905942844647824,Non-Compliant,Allocation fund that holds bonds,
QVOL,Infrastructure Capital Nasdaq Option Income ETF,ETF,NASDAQ,2026-09-27 16:38,True,ETF,Infrastructure Capital NASDAQ Option Income ETF,,,,,,,,,,,,,,,,,,,,,,,,0.0,,,,,,,,,,,107.59,91.4,Derivative Income,InfraCap,48796332.0,0.82,,,,,"[[""AVGO"", 0.06423], [""GOOGL"", 0.06171], [""ORCL"", 0.04928], [""AAPL"", 0.04212], [""MU"", 0.04191], [""AMD"", 0.04026], [""AMZN"", 0.03903], [""FGXXX"", 0.03836], [""FXFXX"", 0.03836], [""META"", 0.03335]]",0.0016,"{""realestate"": 0.0, ""consumer_cyclical"": 0.1177, ""basic_materials"": 0.0, ""consumer_defensive"": 0.0053, ""technology"": 0.6609, ""communication_services"": 0.1666, ""financial_services"": 0.0016, ""utilities"": 0.0059, ""industrials"": 0.0044, ""energy"": 0.0068, ""healthcare"": 0.0309}",101.95999908447266,2026-09-25,100.05515803286904,,4.12,1.04,2026-08-27,2026-08-27,,4.12,0.04040800350132044,Non-Compliant,"Options, futures or other derivatives strategy",
ACVT,Advent Convertible Bond ETF,ETF,NYSE Arca,2026-09-27 16:38,True,ETF,Advent Convertible Bond ETF,,,,,,,,,,,,,,,,,,,,,,,,0.0,,,,,,,,,,,28.88,25.77,Convertibles,Advent Funds,43768232.0,0.65,0.0134000005,7.83677,,,"[[""WFCPL"", 0.04519], [""FGXXX"", 0.03699], [""BACPL"", 0.03142], [""GOOGM"", 0.03002]]",,{},28.395999908447266,2026-09-25,27.311561782046617,0.054750723385430966,0.44100000000000006,0.03,2026-08-27,2026-08-27,,0.44100000000000006,0.01553035643829577,Non-Compliant,Fixed-income fund (interest-bearing),
XJUL,FT Vest U.S. Equity Enhance & Moderate Buffer ETF - July,ETF,Cboe BZX,2026-09-27 16:38,True,ETF,FT Vest U.S. Equity Enhance & Moderate Buffer ETF - July,,,,,,,,,,,,,,,,,,,,,,,,0.34,,,,,,,,,,,41.829,38.07,Defined Outcome,First Trust,42663656.0,0.85,0.0,6.44501,0.1128195,,,0.12109999,"{""realestate"": 0.0181, ""consumer_cyclical"": 0.0935, ""basic_materials"": 0.0169, ""consumer_defensive"": 0.0446, ""technology"": 0.3847, ""communication_services"": 0.0962, ""financial_services"": 0.1211, ""utilities"": 0.02, ""industrials"": 0.0781, ""energy"": 0.034, ""healthcare"": 0.0929}",41.80500030517578,2026-09-25,39.79670119570546,0.09051783757857512,,,,,,,,Non-Compliant,"Options, futures or other derivatives strategy",
RMME,Rareview Government Money Market ETF,ETF,Cboe BZX,2026-09-27 16:38,True,ETF,Rareview Government Money Market ETF,,,,,,,,,,,,,,,,,,,,,,,,0.0,,,,,,,,,,,100.63,100.0,Money Market-Taxable,Rareview Capital,32109412.0,0.3,,2.2383,,,,,{},100.2699966430664,2026-09-25,100.20535771987018,0.0024493387998010263,2.4760000000000004,0.289,2026-09-02,2026-09-02,,2.4760000000000004,0.02469332884106777,Non-Compliant,Fixed-income fund (interest-bearing),
TSMG,Leverage Shares 2X Long TSM Daily ETF,ETF,NASDAQ,2026-09-27 16:38,True,ETF,Leverage Shares 2X Long TSM Daily ETF,,,,,,,,,,,,,,,,,,,,,,,,0.0,,,,,,,,,,,51.24,20.73,Trading--Leveraged Equity,Themes ETF Trust,31661420.0,0.76,0.074499995,54.2658,,,"[[""FXFXX"", 0.12754]]",,{},42.77299880981445,2026-09-25,32.73076493616598,0.8901016524989345,2.727,2.727,2025-12-30,2025-12-30,,2.727,0.06375517442967496,Non-Compliant,Leveraged or inverse fund (derivatives and borrowing),
AMDG,Leverage Shares 2X Long AMD Daily ETF,ETF,NASDAQ,2026-09-27 16:38,True,ETF,Leverage Shares 2X Long AMD Daily ETF,,,,,,,,,,,,,,,,,,,,,,,,0.0,,,,,,,,,,,145.58,18.31,Trading--Leveraged Equity,Themes ETF Trust,21851284.0,0.78,0.036,211.6221,,,"[[""FXFXX"", 0.19378]]",,{},143.2239990234375,2026-09-25,59.134760875625915,6.506498930615195,2.968,2.968,2025-12-30,2025-12-30,,2.968,0.0207227840322648,Non-Compliant,Leveraged or inverse fund (derivatives and borrowing),
HCOW,Amplify COWS Covered Call ETF,ETF,NASDAQ,2026-09-27 16:38,True,ETF,Amplify COWS Covered Call ETF,,,,,,,,,,,,,,,,,,,,,,,,0.0,,,,,,,,,,,26.53,22.658,Derivative Income,Amplify ETFs,18595778.0,0.65,0.043899998,15.76299,0.09236,,"[[""COWS"", 0.04312], [""TTEK"", 0.03364], [""ROP"", 0.03211], [""INTU"", 0.03192], [""BKNG"", 0.03132], [""CCK"", 0.03081], [""SSNC"", 0.03071], [""OSK"", 0.03066], [""LNG"", 0.03049], [""OC"", 0.03033]]",0.1587,"{""realestate"": 0.0, ""consumer_cyclical"": 0.1829, ""basic_materials"": 0.0, ""consumer_defensive"": 0.0242, ""technology"": 0.1985, ""communication_services"": 0.0256, ""financial_services"": 0.1587, ""utilities"": 0.0, ""industrials"": 0.2136, ""energy"": 0.0869, ""healthcare"": 0.1095}",24.086000442504883,2026-09-25,24.245916396973143,-0.011937496679529702,2.863,0.218,2026-08-28,2026-08-28,,2.863,0.11886572894633125,Non-Compliant,"Options, futures or other derivatives strategy",
VDI,Virtus International Dividend ETF,ETF,NYSE Arca,2026-09-27 16:38,True,ETF,Virtus International Dividend ETF,,,,,,,,,,,,,,,,,,,,,,,,0.0,,,,,,,,,,,37.421,30.455,Foreign Large Blend,Virtus,16681412.0,0.39,,20.49887,,,"[[""ASML.AS"", 0.03246], [""HSBA.L"", 0.02431], [""1308.HK"", 0.02052], [""ROP.SW"", 0.02008], [""BNP.PA"", 0.01866], [""BHP.AX"", 0.01809], [""TD"", 0.01806], [""8316.T"", 0.0176], [""8035.T"", 0.017], [""ISP.MI"", 0.01692]]",0.4136,"{""realestate"": 0.0177, ""consumer_cyclical"": 0.0179, ""basic_materials"": 0.0638, ""consumer_defensive"": 0.0458, ""technology"": 0.0884, ""communication_services"": 0.0217, ""financial_services"": 0.4136, ""utilities"": 0.0441, ""industrials"": 0.1545, ""energy"": 0.0866, ""healthcare"": 0.0459}",36.263999938964844,2026-09-25,34.52368630614935,0.18832125383374443,1.194,0.37,2026-09-21,2026-09-21,,1.194,0.032925215144760524,Non-Compliant,"41% of the fund is in financial services (banks, insurers)",0.0
SNPG,Xtrackers S&P 500 Growth Scored & Screened ETF,ETF,Cboe BZX,2026-09-27 16:38,True,ETF,Xtrackers S&P 500 Growth Scored & Screened ETF,,,,,,,,,,,,,,,,,,,,,,,,1.07,,,,,,,,,,,61.71,46.741,Large Growth,Xtrackers,14244068.0,0.15,0.0047,11.69215,0.24073799,,"[[""MSFT"", 0.11301], [""NVDA"", 0.09056], [""MU"", 0.08207], [""LLY"", 0.06953], [""GOOGL"", 0.04764], [""GOOG"", 0.03811], [""LRCX"", 0.02858], [""CAT"", 0.02782], [""AMAT"", 0.02758], [""V"", 0.02623]]",0.1181,"{""realestate"": 0.0127, ""consumer_cyclical"": 0.0512, ""basic_materials"": 0.0103, ""consumer_defensive"": 0.0111, ""technology"": 0.4552, ""communication_services"": 0.115, ""financial_services"": 0.1181, ""utilities"": 0.0045, ""industrials"": 0.0901, ""energy"": 0.0001, ""healthcare"": 0.1317}",59.7859992980957,2026-09-25,54.58645418630653,0.16448841588752594,0.27499999999999997,0.066,2026-09-18,2026-09-18,,0.27499999999999997,0.004599739123349557,Non-Compliant,"12% of the fund is in financial services (banks, insurers)",0.0
USGG,Leverage Shares 2X Long USAR Daily ETF,ETF,NASDAQ,2026-09-27 16:38,True,ETF,Leverage Shares 2X Long USAR Daily ETF,,,,,,,,,,,,,,,,,,,,,,,,0.0,,,,,,,,,,,43.67,3.895,Trading--Leveraged Equity,Themes ETF Trust,13873368.0,0.75,,,,,"[[""FXFXX"", 0.097]]",,{},4.71999979019165,2026-09-25,12.634209034806592,,,,,,,,,Non-Compliant,Leveraged or inverse fund (derivatives and borrowing),
FARX,Frontier Asset Absolute Return ETF,ETF,NYSE Arca,2026-09-27 16:38,True,ETF,Frontier Asset Absolute Return ETF,,,,,,,,,,,,,,,,,,,,,,,,0.0,,,,,,,,,,,30.33,26.399,Global Conservative Allocation,"Frontier Asset Management, LLC",13098807.0,0.95,0.027999999,11.35785,,,"[[""BSV"", 0.21469], [""HGER"", 0.18051], [""AHLT"", 0.15941], [""USFR"", 0.08577], [""DBMF"", 0.06825], [""HYDB"", 0.04532], [""SMLF"", 0.0446], [""VTIP"", 0.04428], [""JPST"", 0.04221], [""JAAA"", 0.03468]]",0.1412,"{""realestate"": 0.0218, ""consumer_cyclical"": 0.0862, ""basic_materials"": 0.0573, ""consumer_defensive"": 0.059, ""technology"": 0.2605, ""communication_services"": 0.049, ""financial_services"": 0.1412, ""utilities"": 0.0231, ""industrials"": 0.1425, ""energy"": 0.0618, ""healthcare"": 0.0976}",30.08799934387207,2026-09-25,28.348932243438355,0.13210669842016665,0.8350000000000001,0.116,2026-06-29,2026-06-29,,0.8350000000000001,0.02775192828399413,Non-Compliant,Allocation fund that holds bonds,
EDGE,MRBL Enhanced Equity ETF,ETF,Cboe BZX,2026-09-27 16:38,True,ETF,MRBL Enhanced Equity ETF,,,,,,,,,,,,,,,,,,,,,,,,0.0,,,,,,,,,,,52.39,42.196,Derivative Income,"MRBL Management, LLC",11936506.0,0.74,0.0,14.53557,,,"[[""FGXXX"", 0.10563]]",0.12109999,"{""realestate"": 0.0181, ""consumer_cyclical"": 0.0935, ""basic_materials"": 0.0169, ""consumer_defensive"": 0.0446, ""technology"": 0.3847, ""communication_services"": 0.0962, ""financial_services"": 0.1211, ""utilities"": 0.02, ""industrials"": 0.0781, ""energy"": 0.034, ""healthcare"": 0.0929}",52.24800109863281,2026-09-25,47.09232685955397,0.21637106773072756,,,,,,,,Non-Compliant,"Options, futures or other derivatives strategy",
KDVD,Keeley Dividend ETF,ETF,NYSE Arca,2026-09-27 16:38,True,ETF,Keeley Dividend ETF,,,,,,,,,,,,,,,,,,,,,,,,0.0,,,,,,,,,,,29.496,24.89,Mid-Cap Blend,Gabelli,8375753.0,0.0,,17.42199,,,"[[""Q"", 0.02491], [""RRX"", 0.02406], [""SOLS"", 0.02387], [""WTTR"", 0.02221], [""RAL"", 0.0221], [""VIRT"", 0.02112], [""PLOW"", 0.02095], [""CON"", 0.01957]]",0.20709999,"{""realestate"": 0.0898, ""consumer_cyclical"": 0.1514, ""basic_materials"": 0.069, ""consumer_defensive"": 0.0324, ""technology"": 0.1037, ""communication_services"": 0.0292, ""financial_services"": 0.2071, ""utilities"": 0.0408, ""industrials"": 0.133, ""energy"": 0.0602, ""healthcare"": 0.0836}",27.974000930786133,2026-09-25,27.37344776931687,0.11454639202286176,0.374,0.179,2026-06-26,2026-06-26,,0.374,0.013369557001351317,Non-Compliant,"21% of the fund is in financial services (banks, insurers)",0.0
KMCA,PLUS Korea Manufacturing Core Alliance Index ETF,ETF,NYSE Arca,2026-09-27 16:38,True,ETF,PLUS Korea Manufacturing Core Alliance Index ETF,,,,,,,,,,,,,,,,,,,,,,,,0.0,,,,,,,,,,,24.45,14.45,Miscellaneous Sector,PLUS ETF,7325898.0,0.65,,,,,"[[""005930.KQ"", 0.06415], [""007660.KQ"", 0.05694], [""006400.KQ"", 0.05361], [""012450.KQ"", 0.0501], [""000660.KQ"", 0.0469], [""009150.KQ"", 0.04404], [""034020.KQ"", 0.04304], [""373220.KQ"", 0.0378], [""403870.KQ"", 0.03441], [""042660.KQ"", 0.03174]]",0.0,"{""realestate"": 0.0, ""consumer_cyclical"": 0.0545, ""basic_materials"": 0.0, ""consumer_defensive"": 0.0, ""technology"": 0.3849, ""communication_services"": 0.0, ""financial_services"": 0.0, ""utilities"": 0.0, ""industrials"": 0.5606, ""energy"": 0.0, ""healthcare"": 0.0}",20.0,2026-09-25,20.034183667630565,,,,,,,,,Questionable,"Top holdings pass, but the fund isn't Shariah-screened or purified",0.0
CPHY,F/m Compoundr High Yield Bond ETF,ETF,NASDAQ,2026-09-27 16:38,True,ETF,F/m Compoundr High Yield Bond ETF,,,,,,,,,,,,,,,,,,,,,,,,0.0,,,,,,,,,,,51.969,50.165,High Yield Bond,"F/m investments, LLC",6743761.0,0.35,0.0,1.22978,,,"[[""BSJU"", 0.49891], [""SPHY"", 0.25024], [""USHY"", 0.25017]]",0.97940004,"{""realestate"": 0.0, ""consumer_cyclical"": 0.0, ""basic_materials"": 0.0, ""consumer_defensive"": 0.0, ""technology"": 0.0181, ""communication_services"": 0.0, ""financial_services"": 0.9794, ""utilities"": 0.0, ""industrials"": 0.0, ""energy"": 0.0025, ""healthcare"": 0.0}",50.90399932861328,2026-09-25,51.25119129500066,0.0029356370281243827,,,,,,,,Non-Compliant,Fixed-income fund (interest-bearing),
TXXS,21Shares 2x Long Sui ETF,ETF,NASDAQ,2026-09-27 16:38,True,ETF,21Shares 2x Long Sui ETF,,,,,,,,,,,,,,,,,,,,,,,,0.0,,,,,,,,,,,307.0,17.748,Trading--Miscellaneous,21Shares US LLC,2043467.0,4.55,,-86.76143,,,,,{},46.37900161743164,2026-09-25,69.67297559653596,-0.8112372723097689,0.06,0.06,2026-02-25,2026-02-25,,0.06,0.0012936889089360836,Non-Compliant,"Options, futures or other derivatives strategy",
DOCK,"Corgi Ports, Rail & Freight ETF",ETF,Cboe BZX,2026-09-27 16:38,True,ETF,"Corgi Ports, Rail & Freight ETF",,,,,,,,,,,,,,,,,,,,,,,,0.0,,,,,,,,,,,28.52,25.07,Industrials,Corgi Funds,810623.0,0.35,,,,,"[[""UNP"", 0.08678], [""CSX"", 0.05217], [""PCAR"", 0.05143], [""CNR.TO"", 0.05116], [""CP.TO"", 0.04998], [""NSC"", 0.04947], [""FDX"", 0.04725], [""UPS"", 0.04592], [""WAB"", 0.04343], [""CMI"", 0.03858]]",0.0,"{""realestate"": 0.0, ""consumer_cyclical"": 0.0172, ""basic_materials"": 0.0, ""consumer_defensive"": 0.0, ""technology"": 0.0254, ""communication_services"": 0.0, ""financial_services"": 0.0, ""utilities"": 0.0, ""industrials"": 0.9574, ""energy"": 0.0, ""healthcare"": 0.0}",25.079999923706055,2026-09-25,26.838686933421126,,,,,,,,,Questionable,"Top holdings pass, but the fund isn't Shariah-screened or purified",0.0
RMBX,Tradr 2X Long RMBS Daily ETF,ETF,Cboe BZX,2026-09-27 16:38,True,ETF,Tradr 2X Long RMBS Daily ETF,,,,,,,,,,,,,,,,,,,,,,,,0.0,,,,,,,,,,,23.61,8.0,Trading--Leveraged Equity,AXS,380690.0,1.49,,,,,,0.0,"{""realestate"": 0.0, ""consumer_cyclical"": 0.0, ""basic_materials"": 0.0, ""consumer_defensive"": 0.0, ""technology"": 1.0, ""communication_services"": 0.0, ""financial_services"": 0.0, ""utilities"": 0.0, ""industrials"": 0.0, ""energy"": 0.0, ""healthcare"": 0.0}",13.4399995803833,2026-09-25,12.230655654532011,,,,,,,,,Non-Compliant,Leveraged or inverse fund (derivatives and borrowing),
TERC,Corgi TER 2x Daily ETF,ETF,Cboe BZX,2026-09-27 16:38,True,ETF,Corgi TER 2x Daily ETF,,,,,,,,,,,,,,,,,,,,,,,,0.0,,,,,,,,,,,30.95,14.89,Trading--Leveraged Equity,Corgi Funds,378138.0,0.45,,,,,"[[""FGXXX"", 0.22051]]",,{},23.31999969482422,2026-09-25,21.304310338250524,,,,,,,,,Non-Compliant,Leveraged or inverse fund (derivatives and borrowing),
AVGC,Corgi AVGO 2x Daily ETF,ETF,Cboe BZX,2026-09-27 16:38,True,ETF,Corgi AVGO 2x Daily ETF,,,,,,,,,,,,,,,,,,,,,,,,0.0,,,,,,,,,,,31.79,19.34,Trading--Leveraged Equity,Corgi Funds,351520.0,0.45,,,,,"[[""FGXXX"", 0.21307]]",,{},20.959999084472656,2026-09-25,24.874677350444177,,,,,,,,,Non-Compliant,Leveraged or inverse fund (derivatives and borrowing),
HQDG,Raub Brock Dividend Growth ETF,ETF,NASDAQ,2026-09-27 16:38,True,ETF,Raub Brock Dividend Growth ETF,,,,,,,,,,,,,,,,,,,,,,,,,,,,,,,,,,,25.02,23.96,Large Value,"Empowered Funds, LLC",,0.5,,,,,,,{},24.760000228881836,2026-09-25,24.500000127156575,,,,,,,,,Questionable,Holdings data unavailable,
TRPA,Hartford AAA CLO ETF,ETF,Cboe BZX,2026-09-27 16:38,True,ETF,Hartford Funds Exchange-Traded Trust - Hartford AAA CLO ETF,,,,,,,,,,,,,,,,,,,,,,,,,,,,,,,,,,,39.27,38.44,,,,,,,,,,,,39.04999923706055,2026-09-25,38.931756889677615,-0.0015341695820667578,1.945,0.153,2026-08-28,2026-08-28,,1.945,0.04980793951345563,Non-Compliant,Fixed-income fund (interest-bearing),
NVDW,Roundhill NVDA WeeklyPay ETF,ETF,Cboe BZX,2026-09-27 16:38,True,ETF,Roundhill ETF Trust - Roundhill NVDA WeeklyPay ETF,,,,,,,,,,,,,,,,,,,,,,,,,,,,,,,,,,,53.765,31.77,,,,,,,,,,,,36.84000015258789,2026-09-25,39.9018487132403,-0.22344010921099045,19.408,0.161,2026-09-21,2026-09-21,,19.408,0.5268186731708429,Questionable,Holdings data unavailable,
