ticker,listing_name,type,exchange,fetched_at,fetch_ok,quote_type,name,sector,industry,country,market_cap,shares,total_debt,total_cash,revenue,pe,forward_pe,pb,ps,ev_ebitda,peg,roe,roa,gross_margin,operating_margin,net_margin,revenue_growth,earnings_growth,current_ratio,debt_to_equity,beta,rating_key,rating_score,num_analysts,target_mean,target_median,target_high,target_low,dividend_rate,ex_div_ts,payout_ratio,high_52w,low_52w,category,fund_family,aum,expense_ratio,yield,ytd_return,return_3y,return_5y,top_holdings,financials_weight,sector_weights,last_close,last_close_date,avg_price_1y,return_1y,div_ttm,last_div,last_ex_div,ex_div_date,upside,avg_market_cap,div_per_share,dividend_yield,debt_ratio,cash_ratio,business_status,debt_pass,cash_pass,status,reason
PLTR,Palantir Technologies Inc. - Class A Common Stock,Stock,NASDAQ,2026-09-27 16:38,True,EQUITY,Palantir Technologies Inc.,Technology,Software - Infrastructure,United States,455788101632.0,2300713329.0,211400000.0,9409098752.0,6155940864.0,160.73729,81.649086,46.624878,74.04037,167.767,1.8461,0.38097,0.17292999,0.84796,0.47120997,0.49005002,0.928,2.154,7.228,2.139,1.621,buy,1.83871,26.0,195.56538,205.05,255.0,80.0,,,0.0,207.52,106.37,,,,,,,,,,,,189.6699981689453,2026-09-25,157.56055754399395,0.06814208675811795,,,,,0.03108231079226087,362501674866.13837,,,0.0005831697193621631,0.025956014563172747,Compliant,True,True,Compliant,Passes business and financial ratio tests
TMO,Thermo Fisher Scientific Inc Common Stock,Stock,NYSE,2026-09-27 16:38,True,EQUITY,Thermo Fisher Scientific Inc.,Healthcare,Diagnostics & Research,United States,249579421696.0,369747286.0,42548998144.0,4064000000.0,46336000000.0,36.368534,24.50717,4.7377396,5.3862963,24.55,1.9816,0.13515,0.05129,0.40987998,0.18751,0.15036,0.105,0.094,1.551,80.575,0.854,buy,1.51724,27.0,653.1111,650.0,780.0,520.0,1.88,1789430400.0,0.09689999,682.98,435.27,,,,,,,,,,,,675.0,2026-09-25,543.6573713690161,0.4539893464568212,1.8399999999999999,0.47,2026-09-15,2026-09-15,-0.03242800000000001,201015837577.5878,1.88,0.002785185185185185,0.21166987963113604,0.020217312471368747,Compliant,True,True,Compliant,Passes business and financial ratio tests
BAM,Brookfield Asset Management Inc Class A Limited Voting Shares,Stock,NYSE,2026-09-27 16:38,True,EQUITY,Brookfield Asset Management Ulc,Financial Services,Asset Management,United States,71221444608.0,1597230353.0,4088999936.0,1503000064.0,5736999936.0,25.626436,20.538544,9.479167,12.414406,20.408,1.0465,0.26771,0.13036999,0.74377,0.68738997,0.48893002,0.608,0.474,1.272,34.454,1.26,buy,2.27778,18.0,57.52444,55.5,70.0,44.0,2.01,1788134400.0,1.0805,59.33,42.2,,,,,,,,,,,,44.59000015258789,2026-09-25,49.84215133788576,-0.23239800248818865,1.944,0.502,2026-08-31,2026-08-31,0.29007490027248695,79609396975.69069,2.01,0.045077371453728164,0.051363282367891894,0.018879681558936465,Questionable,True,True,Questionable,"Manages conventional, interest-bearing funds"
SLF,Sun Life Financial Inc. Common Stock,Stock,NYSE,2026-09-27 16:38,True,EQUITY,Sun Life Financial Inc.,Financial Services,Insurance - Diversified,Canada,44432007168.0,556025626.0,15523999744.0,117868003328.0,35527999488.0,19.16307,13.029445,2.5332406,1.2506194,-10.089,1.3262,0.13087,0.00784,0.40877998,0.15796,0.09522,0.075,0.432,53.577,58.012,0.802,buy,2.42857,1.0,64.46927,64.46927,64.46927,64.46927,2.77,1787702400.0,0.62369996,84.38,57.22,,,,,,,,,,,,79.91000366210938,2026-09-25,68.99127495146368,0.3557856383440381,2.061,0.694,2026-08-26,2026-08-26,-0.19322654179067267,38360916843.42571,2.77,0.03466399540804226,0.4046827088977802,3.0726065231728215,Non-Compliant,False,False,Non-Compliant,Conventional insurance; Debt is 40% of market cap (limit 30%); Cash and securities are 307% of market cap (limit 30%)
ADM,Archer-Daniels-Midland Company Common Stock,Stock,NYSE,2026-09-27 16:38,True,EQUITY,Archer-Daniels-Midland Company,Consumer Defensive,Farm Products,United States,39096561664.0,481959583.0,9342000128.0,1092999936.0,82099003392.0,22.163935,14.306577,1.6586583,0.47621238,15.908,1.0151,0.07642,0.02257,0.0687,0.04008,0.021559998,0.072,3.156,1.389,39.134,0.613,hold,3.0,10.0,80.4,82.5,95.0,60.0,2.08,1787097600.0,0.5628,88.75,55.58,,,,,,,,,,,,81.12000274658203,2026-09-25,71.11342651245603,0.33861394041493087,2.0700000000000003,0.52,2026-08-19,2026-08-19,-0.008875773202711823,34273797387.64445,2.08,0.025641024772865166,0.2725697424869457,0.03189024909139544,Compliant,True,True,Compliant,Passes business and financial ratio tests
HIG,"The Hartford Insurance Group, Inc. Common Stock",Stock,NYSE,2026-09-27 16:38,True,EQUITY,"The Hartford Insurance Group, Inc.",Financial Services,Insurance - Diversified,United States,33650429952.0,270872002.0,4384000000.0,3991000064.0,29315000320.0,8.639082,9.082449,1.7484623,1.1478912,6.154,,0.22061001,0.038510002,0.37868,0.17615,0.1489,0.081,0.361,1.772,22.33,0.45,buy,2.3913,20.0,149.4,149.0,164.0,135.0,2.4,1788220800.0,0.1602,146.07,120.33,,,,,,,,,,,,124.2300033569336,2026-09-25,134.94083635550572,-0.06671172122831015,2.4,0.6,2026-09-01,2026-09-01,0.2026080331878346,36551694495.17022,2.4,0.01931900454920216,0.11993971991036646,0.10918782614927341,Non-Compliant,True,True,Non-Compliant,Conventional insurance
CLH,"Clean Harbors, Inc. Common Stock",Stock,NYSE,2026-09-27 16:38,True,EQUITY,"Clean Harbors, Inc.",Industrials,Waste Management,United States,16524520448.0,52787248.0,3249103872.0,516718016.0,6243574784.0,37.99029,31.515345,5.6432076,2.646644,16.091,,0.15562001,0.06066,0.32257,0.15498,0.07032,0.119,0.364,2.131,110.951,0.852,buy,1.58824,15.0,359.93332,362.0,390.0,325.0,,,0.0,335.94,201.34,,,,,,,,,,,,313.0400085449219,2026-09-25,276.11661386679845,0.34960126175286943,,,,,0.14979973861184215,14575436173.106928,,,0.2229164076746401,0.03545129009266934,Compliant,True,True,Compliant,Passes business and financial ratio tests
TYL,"Tyler Technologies, Inc. Common Stock",Stock,NYSE,2026-09-27 16:38,True,EQUITY,"Tyler Technologies, Inc.",Technology,Software - Application,United States,13332831232.0,40952274.0,1455030016.0,970035008.0,2429657088.0,42.725723,21.20763,4.3874993,5.4875364,30.136,1.518,0.09731,0.04176,0.47205,0.14741,0.13361,0.082,0.155,1.554,47.906,0.835,buy,1.54545,22.0,426.63635,427.5,525.0,335.0,,633744000.0,0.0,531.94,270.71,,,,,,,,,,,,325.57000732421875,2026-09-25,376.5668919779865,-0.38539223489710484,,,,1990-01-31,0.3104289105327027,15421270539.610905,,,0.09435214901798306,0.06290240518823523,Compliant,True,True,Compliant,Passes business and financial ratio tests
AEG,Aegon Ltd. New York Registry Shares,Stock,NYSE,2026-09-27 16:38,True,EQUITY,Aegon Ltd.,Financial Services,Insurance - Diversified,Netherlands,13157116928.0,1471793504.0,3835000064.0,3515000064.0,11680000000.0,12.013514,9.497864,1.2824178,1.1264654,,,0.110690005,0.00097000005,0.45736,0.0582,0.086219996,-0.082,0.079,1.164,42.673,0.618,none,,2.0,9.875,9.875,10.6,9.15,0.49,1788393600.0,0.61759996,9.61,6.75,,,,,,,,,,,,8.890000343322754,2026-09-25,8.105776895089928,0.11823906372451942,0.493,0.246,2026-09-03,2026-09-03,0.11079860727081692,11930029779.066645,0.49,0.05511810810761522,0.321457710921157,0.29463464292165403,Non-Compliant,False,True,Non-Compliant,Conventional insurance; Debt is 32% of market cap (limit 30%)
PEN,"Penumbra, Inc. Common Stock",Stock,NYSE,2026-09-27 16:38,True,EQUITY,"Penumbra, Inc.",Healthcare,Medical Devices,United States,12560893952.0,39389422.0,212710000.0,658795008.0,1504873984.0,78.15932,52.004753,8.205703,8.3468075,59.304,3.5997,0.1137,0.064169995,0.6784,0.105220005,0.106709994,0.149,-0.235,5.75,13.896,0.698,none,,12.0,361.83334,374.0,374.0,323.0,,,0.0,362.41,221.26,,,,,,,,,,,,318.8900146484375,2026-09-25,313.74964138806104,0.2585942329159614,,,,,0.13466500479453924,12358417026.983002,,,0.017211751273288098,0.05330739418823677,Compliant,True,True,Compliant,Passes business and financial ratio tests
HUT,Hut 8 Corp. - Common Stock,Stock,NASDAQ,2026-09-27 16:38,True,EQUITY,Hut 8 Corp.,Financial Services,Capital Markets,United States,11933981696.0,123259468.0,7668843008.0,233579008.0,317952992.0,,-19.555803,8.2681465,37.533794,-24.935,,-0.43370998,-0.09742,0.62328,-2.754,-1.8858501,0.814,,19.347,437.212,5.976,strong_buy,1.36364,22.0,157.09091,146.5,273.0,96.0,,,0.0,140.8,31.67,,,,,,,,,,,,96.81999969482422,2026-09-25,71.79492009683435,1.9197828751612707,,,,,0.6225047561986075,8849403656.23831,,,0.8665943272453072,0.02639488682780794,Non-Compliant,False,True,Non-Compliant,Conventional investment banking and brokerage; Debt is 87% of market cap (limit 30%)
WTRG,"Essential Utilities, Inc. Common Stock",Stock,NYSE,2026-09-27 16:38,True,EQUITY,"Essential Utilities, Inc.",Utilities,Utilities - Regulated Water,United States,11212011520.0,283632983.0,8538151936.0,8634000.0,2568695040.0,20.271793,16.613012,1.5983341,4.3648667,14.628,3.5849,0.08078,0.029590001,0.5643,0.35409,0.21601,0.031,-0.026,0.777,121.656,0.632,hold,2.71429,5.0,42.2,41.0,49.0,38.0,1.44,1786406400.0,0.7028,42.51,36.11,,,,,,,,,,,,39.529998779296875,2026-09-25,39.25924302667261,0.02329789506333957,1.3900000000000001,0.361,2026-08-11,2026-08-11,0.06754367070968637,11135216209.9771,1.44,0.036428030469714406,0.766770197811683,0.0007753778496248665,Compliant,False,True,Non-Compliant,Debt is 77% of market cap (limit 30%)
HRL,Hormel Foods Corporation Common Stock,Stock,NYSE,2026-09-27 16:38,True,EQUITY,Hormel Foods Corporation,Consumer Defensive,Packaged Foods,United States,10847413248.0,550350800.0,2855122944.0,868446016.0,12146911232.0,31.790321,12.687235,1.3829638,0.89301825,10.159,1.4015,0.042930003,0.04634,0.15741,0.08615,0.028210001,-0.024,-0.672,1.882,36.326,0.315,hold,2.6,8.0,26.125,26.0,30.0,23.0,1.17,1783900800.0,1.8831,26.6,19.42,,,,,,,,,,,,19.709999084472656,2026-09-25,23.253505919559068,-0.20266991780114174,1.1689999999999998,0.293,2026-07-13,2026-07-13,0.3254693664892667,12797585585.63407,1.17,0.05936073335090687,0.2230985622166902,0.06786014519604965,Non-Compliant,True,True,Non-Compliant,Major pork products business
AG,First Majestic Silver Corp. Ordinary Shares (Canada),Stock,NYSE,2026-09-27 16:38,True,EQUITY,First Majestic Silver Corp.,Basic Materials,Silver,Canada,9370149888.0,492906383.0,331145984.0,1248440960.0,1641153024.0,27.157145,18.683046,3.1578074,5.7094917,9.406,,0.13430001,0.102419995,0.63310003,0.47792,0.21183,0.573,1.024,2.568,9.812,2.186,buy,1.66667,2.0,24.75,24.75,27.0,22.5,0.06,1786665600.0,0.0506,32.04,10.19,,,,,,,,,,,,19.010000228881836,2026-09-25,18.667609526341653,0.565897832889084,0.04,0.015,2026-08-14,2026-08-14,0.3019463283539261,9201383890.885408,0.06,0.003156233523282245,0.035988715167945814,0.13567969501160201,Compliant,True,True,Compliant,Passes business and financial ratio tests
AGCO,AGCO Corporation Common Stock,Stock,NYSE,2026-09-27 16:38,True,EQUITY,AGCO Corporation,Industrials,Farm & Heavy Construction Machinery,United States,8265144320.0,70031729.0,2888499968.0,573400000.0,10349100032.0,16.32365,15.813634,2.0246346,0.7986341,10.748,0.9633,0.118269995,0.03472,0.25267,0.057290003,0.05154,-0.01,-0.744,1.321,66.053,1.095,buy,2.5,15.0,124.0,123.0,151.0,98.0,1.2,1786665600.0,0.1618,143.78,98.22,,,,,,,,,,,,118.0199966430664,2026-09-25,114.2536652097664,0.0750591907031748,1.18,0.3,2026-08-14,2026-08-14,0.05066940795651109,8001381719.227088,1.2,0.010167768464095268,0.3610001458946795,0.07166262279702723,Compliant,False,True,Non-Compliant,Debt is 36% of market cap (limit 30%)
APLD,Applied Digital Corporation - Common Stock,Stock,NASDAQ,2026-09-27 16:38,True,EQUITY,Applied Digital Corporation,Technology,Information Technology Services,United States,7462974976.0,284303812.0,5099915776.0,1591987968.0,611310976.0,,-103.960396,4.399933,12.208148,-123.194,,-0.08376,-0.018480001,0.25879,-0.48219,-0.39915,4.066,,4.01,136.231,5.728,strong_buy,1.4,15.0,66.43333,70.0,109.0,22.0,,,0.0,50.725,19.005,,,,,,,,,,,,26.25,2026-09-25,31.608027925529328,0.20912027208579786,,,,,1.5307935238095238,8986282829.03044,,,0.5675222862477217,0.17715756317584821,Compliant,False,True,Non-Compliant,Debt is 57% of market cap (limit 30%)
HQY,"HealthEquity, Inc. - Common Stock",Stock,NASDAQ,2026-09-27 16:38,True,EQUITY,"HealthEquity, Inc.",Healthcare,Health Information Services,United States,7299624960.0,82715296.0,971016000.0,256003008.0,1362123008.0,31.859205,16.045134,3.6764705,5.359006,15.605,1.3157,0.11434,0.06653,0.71247,0.28415,0.17362,0.076,0.147,2.993,48.792,0.225,strong_buy,1.33333,15.0,119.33333,120.0,142.0,105.0,,,0.0,107.62,72.76,,,,,,,,,,,,88.25,2026-09-25,90.34986035472369,-0.08577643099559129,,,,,0.3522190368271956,7473315442.799635,,,0.12993108713690807,0.034255613851634344,Compliant,True,True,Compliant,Passes business and financial ratio tests
SOBO,South Bow Corporation Common Shares,Stock,NYSE,2026-09-27 16:38,True,EQUITY,South Bow Corporation,Energy,Oil & Gas Midstream,Canada,7089910784.0,208588127.0,5759000064.0,726000000.0,2000999936.0,15.450001,17.408005,2.6604571,3.5431838,12.111,,0.17352,0.040999997,0.50175,0.43772998,0.22989,0.042,0.391,1.523,216.098,,buy,2.14286,7.0,35.44143,35.0,39.09,32.0,2.0,1790640000.0,0.90910006,39.019,25.015,,,,,,,,,,,,33.9900016784668,2026-09-25,32.23920313770552,0.20063589967063034,1.0,0.5,2026-06-30,2026-09-29,0.04270162547396117,6724714998.466518,2.0,0.05884083263423407,0.8563931802780137,0.10795996561423861,Compliant,False,True,Non-Compliant,Debt is 86% of market cap (limit 30%)
CHE,Chemed Corp,Stock,NYSE,2026-09-27 16:38,True,EQUITY,Chemed Corporation,Healthcare,Medical Care Facilities,United States,6693911040.0,13069961.0,294792992.0,40222000.0,2595001088.0,25.77554,18.611912,8.026202,2.5795407,16.599,1.8169,0.27106002,0.1345,0.33113998,0.1325,0.10597,0.088,0.437,0.911,35.495,0.506,buy,2.2,5.0,571.6,550.0,650.0,520.0,2.8,1786924800.0,0.120699994,557.0,365.21,,,,,,,,,,,,512.1599731445312,2026-09-25,450.00677137640844,0.10801973253891539,2.5,0.7,2026-08-17,2026-08-17,0.11605754055812323,5881570951.625575,2.8,0.005467041836183948,0.050121471699414555,0.00683864911786591,Compliant,True,True,Compliant,Passes business and financial ratio tests
WEX,WEX Inc. common stock,Stock,NYSE,2026-09-27 16:38,True,EQUITY,WEX Inc.,Technology,Software - Infrastructure,United States,6076069888.0,34081611.0,5357199872.0,6101600256.0,2792100096.0,17.792414,8.407665,4.547843,2.1761649,5.79,0.9584,0.3019,0.02892,0.73232,0.26941,0.12560001,0.142,0.571,1.045,398.423,0.83,buy,2.4,11.0,195.36365,195.0,224.0,172.0,,,0.0,203.99,125.29,,,,,,,,,,,,178.27999877929688,2026-09-25,159.0939041684823,0.11036373623658347,,,,,0.09582483361945715,5422176554.341493,,,0.9880164945404689,1.1253046068952695,Compliant,False,False,Non-Compliant,Debt is 99% of market cap (limit 30%); Cash and securities are 113% of market cap (limit 30%)
MDA,MDA Space Ltd. Common Shares,Stock,NYSE,2026-09-27 16:38,True,EQUITY,MDA Space Ltd.,Industrials,Aerospace & Defense,Canada,5105498624.0,162130797.0,378300000.0,397800000.0,1871600000.0,56.232143,20.42727,3.2456498,2.727879,23.768,,0.066750005,0.0275,0.28617,0.06137,0.05658,0.336,-0.048,0.751,20.01,0.2,strong_buy,1.33333,3.0,45.8341,47.882748,49.209385,40.410152,,,0.0,49.37,23.23,,,,,,,,,,,,31.489999771118164,2026-09-25,33.684963462996656,,,,,,0.4555128718050321,5461369973.171528,,,0.06926833411000602,0.07283886679608881,Questionable,True,True,Questionable,Weapons manufacturing (scholars differ)
DIOD,Diodes Incorporated - Common Stock,Stock,NASDAQ,2026-09-27 16:38,True,EQUITY,Diodes Incorporated,Technology,Semiconductors,United States,4413595136.0,46051705.0,89005000.0,439975008.0,1634744064.0,51.52688,16.382906,2.251721,2.6998692,18.675,,0.04684,0.01951,0.31734,0.07458,0.05266,0.217,0.01,3.167,4.401,1.896,none,,2.0,162.5,162.5,192.0,133.0,,,0.0,125.99,42.28,,,,,,,,,,,,95.83999633789062,2026-09-25,76.44601587850259,0.8048964047447076,,,,,0.6955342884936562,3520469371.662117,,,0.02528214013632453,0.12497623514113258,Compliant,True,True,Compliant,Passes business and financial ratio tests
SKT,Tanger Inc. Common Stock,Stock,NYSE,2026-09-27 16:38,True,EQUITY,Tanger Inc.,Real Estate,REIT - Retail,United States,4151689984.0,114878989.0,1952108032.0,181287008.0,627747968.0,31.862385,28.88366,5.91955,6.6136255,17.175,,0.19399999,0.04715,0.73124003,0.32639998,0.2023,0.115,0.108,0.743,278.311,1.078,hold,2.72727,10.0,41.1,41.0,46.0,37.0,1.25,1785456000.0,1.0917,42.53,31.13,,,,,,,,,,,,34.72999954223633,2026-09-25,35.822908424286254,0.03209503617783893,1.212,0.313,2026-07-31,2026-07-31,0.1834149306571946,4115299502.821588,1.25,0.035991938280328296,0.47435381815140526,0.04405195973602979,Compliant,False,True,Non-Compliant,Debt is 47% of market cap (limit 30%)
OTTR,Otter Tail Corporation - Common Stock,Stock,NASDAQ,2026-09-27 16:38,True,EQUITY,Otter Tail Corporation,Industrials,Conglomerates,United States,3750991616.0,41985580.0,1266712960.0,333703008.0,1315070976.0,19.295895,16.772203,1.9985236,2.8523111,10.473,2.014,0.106850006,0.051409997,0.42191002,0.24028999,0.14833,0.004,,1.707,67.491,0.431,none,,2.0,90.5,90.5,95.0,86.0,2.26,1786665600.0,0.47619998,95.09,74.15,,,,,,,,,,,,89.33999633789062,2026-09-25,86.52322725090848,0.08382865470256418,2.259,0.578,2026-08-14,2026-08-14,0.0129841471866885,3632727879.6011977,2.26,0.025296620692175864,0.3486947005067333,0.0918601720414671,Compliant,False,True,Non-Compliant,Debt is 35% of market cap (limit 30%)
SMR,NuScale Power Corporation Class A Common Stock,Stock,NYSE,2026-09-27 16:38,True,EQUITY,NuScale Power Corporation,Industrials,Specialty Industrial Machinery,United States,3455479808.0,410389522.0,6692000.0,1072147968.0,10690000.0,,-12.755644,1.6762892,323.24414,-10.453,,-0.5518,-0.10604999,0.23545,-853.37335,0.0,-0.991,,37.88,0.332,2.309,hold,2.66667,15.0,11.96667,11.0,20.0,6.0,,,0.0,57.42,7.21,,,,,,,,,,,,8.420000076293945,2026-09-25,16.420916336941055,-0.7784210506238436,,,,,0.42121970208664394,6738972006.31923,,,0.0009930297964919302,0.1590966644459469,Compliant,True,True,Compliant,Passes business and financial ratio tests
SBLK,Star Bulk Carriers Corp. - Common Shares,Stock,NASDAQ,2026-09-27 16:38,True,EQUITY,Star Bulk Carriers Corp.,Industrials,Marine Shipping,Greece,3428748800.0,116071386.0,1179001984.0,499635008.0,1203005056.0,11.584314,8.388757,1.3118978,2.8501532,7.991,,0.116809994,0.054169998,0.47327998,0.39711,0.2387,0.445,3881.94,1.915,46.889,0.718,buy,1.6,5.0,34.44,34.0,38.0,33.0,1.88,1787270400.0,0.4039,32.88,16.72,,,,,,,,,,,,29.540000915527344,2026-09-25,23.941115474320977,0.5329527874310973,1.88,0.9,2026-08-21,2026-08-21,0.16587674111739892,2778878455.4904833,1.88,0.06364251664636207,0.4242725987783087,0.17979735925938956,Compliant,False,True,Non-Compliant,Debt is 42% of market cap (limit 30%)
BOH,Bank of Hawaii Corporation Common Stock,Stock,NYSE,2026-09-27 16:38,True,EQUITY,Bank of Hawaii Corporation,Financial Services,Banks - Regional,United States,2826620928.0,39450396.0,745369024.0,561854016.0,751161024.0,13.317843,10.773529,1.8464116,3.7630026,,,0.13017,0.00991,0.0,0.44022,0.31353,0.129,0.387,,,0.687,hold,3.0,6.0,86.33333,85.0,92.0,82.0,2.8,1788134400.0,0.5204,86.31,59.36,,,,,,,,,,,,71.6500015258789,2026-09-25,74.15896440787144,0.08890574776295268,2.8,0.7,2026-08-31,2026-08-31,0.20493130720754693,2925600512.8404336,2.8,0.03907885471556734,0.25477471060337264,0.19204741506368622,Non-Compliant,True,True,Non-Compliant,Conventional banking (interest-based)
HURN,Huron Consulting Group Inc. - Common Stock,Stock,NASDAQ,2026-09-27 16:38,True,EQUITY,Huron Consulting Group Inc.,Industrials,Consulting Services,United States,2513473024.0,15910072.0,865158976.0,32019000.0,1773988992.0,23.792168,14.917847,6.1399145,1.4168482,13.098,,0.26881,0.085810006,0.32652,0.117060006,0.06514,0.157,0.752,1.709,224.857,0.071,strong_buy,1.2,4.0,190.75,194.0,215.0,160.0,,,0.0,186.78,84.88,,,,,,,,,,,,157.97999572753906,2026-09-25,142.63852576145612,0.08220304391840871,,,,,0.2074313530744607,2269389214.8386216,,,0.38122987909833805,0.014109082651244071,Compliant,False,True,Non-Compliant,Debt is 38% of market cap (limit 30%)
SONO,"Sonos, Inc. - Common Stock",Stock,NASDAQ,2026-09-27 16:38,True,EQUITY,"Sonos, Inc.",Technology,Consumer Electronics,United States,2149992960.0,118293979.0,56823000.0,261026000.0,1490349056.0,40.38889,13.927203,5.3267875,1.4426104,17.469,,0.14175999,0.04733,0.45009997,0.04404,0.03818,0.088,,1.615,14.081,1.935,none,,4.0,18.625,19.0,21.0,15.5,,,0.0,19.82,12.44,,,,,,,,,,,,18.18000030517578,2026-09-25,15.661155366327659,0.18823529925084204,,,,,0.024477430547541257,1852620384.0201013,,,0.03067169102214923,0.1408955673010493,Compliant,True,True,Compliant,Passes business and financial ratio tests
CLM,"Cornerstone Strategic Investment Fund, Inc. Common Shares",Stock,NYSE American,2026-09-27 16:38,True,EQUITY,"Cornerstone Strategic Investment Fund, Inc.",Financial Services,Asset Management,United States,2007074560.0,312142253.0,0.0,,21100844.0,5.640351,,0.9986022,95.11821,,,0.17276,-7e-05,1.0,-0.060300004,16.017601,-0.338,0.129,1.144,,1.17,none,,,,,,,1.46,1792022400.0,1.2829,8.53,6.23,,,,,,,,,,,,6.429999828338623,2026-09-25,7.687290843264515,-0.21776160347220974,1.4639999999999995,0.122,2026-09-15,2026-10-15,,2399528283.2828555,1.46,0.22706065925000707,0.0,0.0,Questionable,True,True,Questionable,"Manages conventional, interest-bearing funds"
PLGO,Pelagos Insurance Capital Limited Common Shares,Stock,NYSE,2026-09-27 16:38,True,EQUITY,Pelagos Insurance Capital Limited Common Shares,Financial Services,Insurance - Diversified,Bermuda,1982170880.0,82728333.0,720499968.0,699100032.0,2513400064.0,5.945409,6.159557,0.8926642,0.7886412,,,0.17637,0.02407,0.25193,0.10677,0.15943,0.103,1.889,1.098,32.448,0.277,none,,9.0,25.38889,25.0,29.0,21.5,0.6,1789344000.0,0.1489,26.34,16.96,,,,,,,,,,,,23.959999084472656,2026-09-25,20.99278885434823,0.3667996660562354,0.44999999999999996,0.15,2026-09-14,2026-09-14,0.05963651795184499,1736698426.9412088,0.6,0.025041737183906308,0.41486763437046087,0.40254543975795637,Non-Compliant,False,False,Non-Compliant,Conventional insurance; Debt is 41% of market cap (limit 30%); Cash and securities are 40% of market cap (limit 30%)
CMPR,Cimpress plc - Ordinary Shares,Stock,NASDAQ,2026-09-27 16:38,True,EQUITY,Cimpress plc,Industrials,Specialty Business Services,Ireland,1942844672.0,24349476.0,1788493056.0,248851008.0,3736643072.0,20.887436,14.172291,-3.932673,0.5199439,10.66,,,0.075040005,0.46106,0.06321,0.02566,0.087,,0.728,,1.798,none,,2.0,114.5,114.5,121.0,108.0,,,0.0,106.58,60.59,,,,,,,,,,,,79.79000091552734,2026-09-25,80.41270902717255,0.27827624569242326,,,,,0.43501690294777284,1958007328.5521214,,,0.9134251082310957,0.1270940125561311,Compliant,False,True,Non-Compliant,Debt is 91% of market cap (limit 30%)
WBTN,WEBTOON Entertainment Inc. - Common stock,Stock,NASDAQ,2026-09-27 16:38,True,EQUITY,WEBTOON Entertainment Inc.,Communication Services,Internet Content & Information,United States,1498250240.0,135711070.0,22630000.0,585731968.0,1368064000.0,,44.16,1.2335196,1.095161,-49.674,,-0.26308,-0.01816,0.24449,-0.046,-0.25139,-0.028,,2.634,1.852,2.623,none,,7.0,11.28571,11.0,13.0,10.0,,,0.0,20.01,7.85,,,,,,,,,,,,11.039999961853027,2026-09-25,12.228286872347038,-0.4320987829958304,,,,,0.022256344111955206,1659513895.7131698,,,0.013636523356904368,0.3529539400140328,Compliant,True,False,Non-Compliant,Cash and securities are 35% of market cap (limit 30%)
LKFN,Lakeland Financial Corporation - Common Stock,Stock,NASDAQ,2026-09-27 16:38,True,EQUITY,Lakeland Financial Corporation,Financial Services,Banks - Regional,United States,1479289984.0,24857840.0,77889000.0,194126000.0,273694016.0,13.649082,13.200976,1.9130741,5.4049044,,,0.14997,0.01566,0.0,0.51455003,0.4064,0.092,0.087,,,0.705,hold,3.0,4.0,66.5,66.5,67.0,66.0,2.08,1784851200.0,0.4679,66.45,54.36,,,,,,,,,,,,59.5099983215332,2026-09-25,59.90649395824904,-0.09518015266909918,2.06,0.52,2026-07-24,2026-07-24,0.11745928206382628,1489146041.7751212,2.08,0.03495210987507908,0.05230447371511878,0.13036061914289757,Non-Compliant,True,True,Non-Compliant,Conventional banking (interest-based)
MBC,"MasterBrand, Inc. Common Stock",Stock,NYSE,2026-09-27 16:38,True,EQUITY,"MasterBrand, Inc.",Consumer Cyclical,"Furnishings, Fixtures & Appliances",United States,1471236352.0,203490490.0,1689799936.0,241600000.0,2776699904.0,,30.125,0.746978,0.52985066,17.64,,-0.0582,0.0104,0.26859,0.022820001,-0.0349,0.115,,1.759,85.833,1.431,hold,3.0,3.0,10.3,10.0,10.9,10.0,,,0.0,13.955,6.27,,,,,,,,,,,,7.230000019073486,2026-09-25,9.942430260646866,-0.4711046101885903,,,,,0.4246196366289816,2023190005.5298584,,,0.8352156403409348,0.11941537835776664,Compliant,False,True,Non-Compliant,Debt is 84% of market cap (limit 30%)
BXBL,"BOXABL, Inc.  - Common stock",Stock,NASDAQ,2026-09-27 16:38,True,EQUITY,Boxabl Inc.,Consumer Cyclical,Residential Construction,United States,1423095296.0,353125380.0,5299000.0,14687000.0,3163000.0,,,-15.559846,449.91946,-51.812,,-0.66532,-0.32474,0.0,-19.49293,0.0,0.774,,3.054,13.917,,none,,,,,,,,,0.0,15.139,3.18,,,,,,,,,,,,4.03000020980835,2026-09-25,9.01757373942797,-0.5969193687359085,,,,,,3184334153.4135227,,,0.0016640841521985408,0.004612267209537642,Compliant,True,True,Compliant,Passes business and financial ratio tests
DMRA,"Damora Therapeutics, Inc. - Ordinary Shares",Stock,NASDAQ,2026-09-27 16:38,True,EQUITY,"Damora Therapeutics, Inc.",Healthcare,Biotechnology,United States,1275455872.0,61735519.0,0.0,540515008.0,,,-9.509782,3.3034856,,-8.979,,-0.99741995,-0.21609,0.0,0.0,0.0,,,19.731,,1.47,strong_buy,1.1,9.0,46.88889,45.0,60.0,40.0,,,0.0,38.325,3.5,,,,,,,,,,,,20.65999984741211,2026-09-25,23.665378516413774,3.6848073837317425,,,,,1.2695493875269,1460994425.0422544,,,0.0,0.36996377175386375,Compliant,True,False,Non-Compliant,Cash and securities are 37% of market cap (limit 30%)
ROCK,"Gibraltar Industries, Inc. - Common Stock",Stock,NASDAQ,2026-09-27 16:38,True,EQUITY,"Gibraltar Industries, Inc.",Industrials,Building Products & Equipment,United States,1203087488.0,29661919.0,1369277952.0,15147000.0,1445460992.0,20.079208,8.432433,1.3515946,0.832321,12.697,0.584,0.06241,0.044510003,0.25445,0.122770004,-0.104320005,0.646,-0.686,1.457,153.722,1.227,strong_buy,1.33333,4.0,75.25,80.0,86.0,55.0,,1230595200.0,0.0,75.08,33.56,,,,,,,,,,,,40.560001373291016,2026-09-25,47.74749012677318,-0.3552694091294055,,,,2008-12-30,0.8552760713058689,1416282184.5936458,,,0.9668115343785588,0.010694902587047594,Compliant,False,True,Non-Compliant,Debt is 97% of market cap (limit 30%)
UVE,UNIVERSAL INSURANCE HOLDINGS INC Common Stock,Stock,NYSE,2026-09-27 16:38,True,EQUITY,"Universal Insurance Holdings, Inc.",Financial Services,Insurance - Property & Casualty,United States,1172771200.0,27830355.0,97852000.0,532160000.0,1629505024.0,5.5374503,9.364445,1.8405765,0.7197101,2.415,,0.40165,0.05685,0.25866,0.19111,0.13495,0.067,0.686,0.571,15.358,0.726,none,,1.0,45.0,45.0,45.0,45.0,0.64,1785456000.0,0.0841,45.15,25.58,,,,,,,,,,,,42.13999938964844,2026-09-25,35.96139442018304,0.6139409576628514,0.77,0.16,2026-07-31,2026-07-31,0.06786902353525215,1000818373.0087132,0.64,0.015187470556945809,0.09777198604561198,0.5317248507340971,Non-Compliant,True,False,Non-Compliant,Conventional insurance; Cash and securities are 53% of market cap (limit 30%)
UTL,UNITIL Corporation Common Stock,Stock,NYSE,2026-09-27 16:38,True,EQUITY,Unitil Corporation,Utilities,Utilities - Diversified,United States,929705664.0,18236674.0,962899968.0,9200000.0,596499968.0,16.235668,14.524217,1.4990591,1.5586014,9.097,,0.096219994,0.03475,0.40218,0.14056,0.094890006,0.14,0.053,0.491,149.588,0.307,hold,3.0,3.0,55.33333,55.0,57.0,54.0,1.9,1786924800.0,0.58919996,57.26,46.4,,,,,,,,,,,,50.97999954223633,2026-09-25,51.240398391784424,0.08537360479704859,1.875,0.475,2026-08-17,2026-08-17,0.08539290892219387,934454441.1010969,1.9,0.037269517792480014,1.0304407851766266,0.009845316791645136,Compliant,False,True,Non-Compliant,Debt is 103% of market cap (limit 30%)
SAFE,Safehold Inc. New Common Stock ,Stock,NYSE,2026-09-27 16:38,True,EQUITY,Safehold Inc.,Real Estate,REIT - Diversified,United States,868207616.0,70816280.0,4659251200.0,15922000.0,436414016.0,7.614907,7.316302,0.35715327,1.9894128,16.489,,0.0464,0.028800001,0.92913,0.73670995,0.2662,0.2,0.078,37.645,176.953,1.787,hold,2.72727,10.0,17.9,16.5,28.0,13.0,0.71,1790726400.0,0.4398,17.45,12.21,,,,,,,,,,,,12.260000228881836,2026-09-25,14.887051776110889,-0.2196053342385651,0.708,0.177,2026-06-30,2026-09-30,0.4600325991700698,1054245626.951566,0.71,0.05791190756484635,4.419512000701953,0.015102742276522136,Compliant,False,True,Non-Compliant,Debt is 442% of market cap (limit 30%)
IVA,Inventiva S.A. - American Depository Shares,Stock,NASDAQ,2026-09-27 16:38,True,EQUITY,Inventiva S.A.,Healthcare,Biotechnology,France,796063552.0,236220651.0,230890000.0,99839000.0,6761000.0,,-4.197651,-19.655466,117.74346,-6.272,,,-0.45079,0.99675006,-67.10686,0.0,-0.899,,3.159,,0.918,strong_buy,1.08333,12.0,14.874,13.5,26.0,8.8,,,0.0,7.983,3.105,,,,,,,,,,,,3.369999885559082,2026-09-25,4.9919123545110935,-0.44297524308842295,,,,,3.413650001513994,1179192786.1175532,,,0.19580343665449007,0.08466724116309773,Compliant,True,True,Compliant,Passes business and financial ratio tests
ASC,Ardmore Shipping Corporation Common Stock,Stock,NYSE,2026-09-27 16:38,True,EQUITY,Ardmore Shipping Corporation,Industrials,Marine Shipping,Bermuda,729205952.0,40851870.0,34980000.0,48138000.0,368284992.0,6.9455256,21.768293,1.0416667,1.9800045,5.053,,0.16233999,0.089729995,0.45264,0.42836,0.29667,0.613,5.727,5.448,4.997,0.024,none,,2.0,20.5,20.5,21.0,20.0,1.37,1787875200.0,0.2529,20.03,10.31,,,,,,,,,,,,17.850000381469727,2026-09-25,14.877330673643318,0.4325842958925339,1.27,0.79,2026-08-28,2026-08-28,0.14845935920994524,607766778.6266892,1.37,0.07675069863988415,0.057554972121116696,0.07920472406993469,Compliant,True,True,Compliant,Passes business and financial ratio tests
OBE,Obsidian Energy Ltd. Common Shares,Stock,NYSE American,2026-09-27 16:38,True,EQUITY,Obsidian Energy Ltd.,Energy,Oil & Gas E&P,Canada,713296320.0,66725570.0,374700000.0,200000.0,543699968.0,35.63333,8.671818,0.71713954,1.3119301,4.073,,0.01991,0.02185,0.59334,0.35718,0.05113,0.417,1.905,0.781,26.766,0.324,buy,2.2,1.0,14.850433,14.850433,14.850433,14.850433,,1443398400.0,0.0,14.59,5.44,,,,,,,,,,,,10.6899995803833,2026-09-25,8.833147423200874,0.5931444887644801,,,,2015-09-28,0.38918929681263115,589396796.7071096,,,0.6357347072352696,0.00033932997450508115,Compliant,False,True,Non-Compliant,Debt is 64% of market cap (limit 30%)
ALT,"Altimmune, Inc. - Common Stock",Stock,NASDAQ,2026-09-27 16:38,True,EQUITY,"Altimmune, Inc.",Healthcare,Biotechnology,United States,595224128.0,194517701.0,36020000.0,326280992.0,31000.0,,-4.578576,1.2551272,19200.78,-3.092,,-0.28875,-0.17198999,0.0,-3184.9355,0.0,,,26.783,7.596,0.176,strong_buy,1.4,9.0,17.11111,17.0,28.0,11.0,,1484870400.0,0.0,6.44,2.56,,,,,,,,,,,,3.059999942779541,2026-09-25,3.674800797762624,-0.23500001430511475,,,,2017-01-20,4.591866117636976,714813802.8137516,,,0.05039074491596687,0.4564559200111224,Compliant,True,False,Non-Compliant,Cash and securities are 46% of market cap (limit 30%)
CHCT,Community Healthcare Trust Incorporated Common Stock,Stock,NYSE,2026-09-27 16:38,True,EQUITY,Community Healthcare Trust Incorporated,Real Estate,REIT - Healthcare Facilities,United States,412901856.0,28653842.0,563302016.0,11720000.0,124780000.0,21.507462,36.024998,0.94084615,3.3090386,12.044,,0.049250003,0.021240002,0.80623,0.31165,0.16814,0.074,,3.026,135.984,0.655,buy,2.25,4.0,17.5,17.5,18.0,17.0,1.76,1787097600.0,2.8432999,19.165,13.23,,,,,,,,,,,,14.40999984741211,2026-09-25,16.31629483348345,-0.04252493921672862,1.763,0.33,2026-08-19,2026-08-19,0.21443443340097068,467524534.1840511,1.76,0.12213740587346907,1.2048608678539297,0.025068203148855862,Compliant,False,True,Non-Compliant,Debt is 120% of market cap (limit 30%)
MIY,"Blackrock MuniYield Michigan Quality Fund, Inc. Common Stock",Stock,NYSE,2026-09-27 16:38,True,EQUITY,"BlackRock MuniYield Michigan Quality Fund, Inc.",Financial Services,Asset Management,United States,334253216.0,28964750.0,232092944.0,,26353952.0,33.941177,,0.92884743,12.683229,,,0.027090002,0.023729999,1.0,0.86642,0.37459,0.039,,3.106,64.497,0.477,hold,3.0,,,,,,0.65,1792022400.0,1.9235001,12.9,11.19,,,,,,,,,,,,11.539999961853027,2026-09-25,12.007569730994236,0.03035715699804098,0.6600000000000001,0.055,2026-09-15,2026-10-15,,347796255.3658153,0.65,0.056325823409762533,0.6673244476306466,0.0,Questionable,False,True,Non-Compliant,Debt is 67% of market cap (limit 30%)
SUJA,"Suja Life, Inc. - Class A Common Stock",Stock,NASDAQ,2026-09-27 16:38,True,EQUITY,"Suja Life, Inc.",Consumer Defensive,Beverages - Non-Alcoholic,United States,332561344.0,38625012.0,191584992.0,20585000.0,355009984.0,,20.663834,1.7411525,0.93676615,9.099,,,,0.48648,0.05407,-0.10408,0.116,,1.532,101.41,,none,,4.0,18.0,18.5,27.0,8.0,,,0.0,18.48,5.59,,,,,,,,,,,,8.609999656677246,2026-09-25,10.672959225518364,,,,,,1.0905924178569042,412243178.1611575,,,0.4647378104704598,0.04993411920561301,Compliant,False,True,Non-Compliant,Debt is 46% of market cap (limit 30%)
HIX,Western Asset High Income Fund II Inc. Common Stock,Stock,NYSE,2026-09-27 16:38,True,EQUITY,Western Asset High Income Fund II Inc.,Financial Services,Asset Management,United States,321548864.0,90069708.0,172658128.0,5998861.0,48613600.0,7.0,,0.85386264,6.614381,,,0.120459996,0.047080003,1.0,0.88938004,0.94176,-0.026,2.519,0.117,45.852,0.91,none,,,,,,,0.59,1792713600.0,1.1529,4.39,3.51,,,,,,,,,,,,3.569999933242798,2026-09-25,4.055657383930161,-0.1736111594019094,0.5880000000000001,0.049,2026-09-23,2026-10-23,,365291876.31863344,0.59,0.16526610953297005,0.4726580008841898,0.01642210349831971,Questionable,False,True,Non-Compliant,Debt is 47% of market cap (limit 30%)
CAES,"Cantor Equity Partners VII, Inc. - Class A Ordinary Shares",Stock,NASDAQ,2026-09-27 16:38,True,EQUITY,"Cantor Equity Partners VII, Inc.",Financial Services,Shell Companies,United States,320411008.0,25600000.0,0.0,362725.0,,Infinity,,1.278922,,,,,-1.57541,0.0,0.0,0.0,,,,,,none,,,,,,,,,0.0,10.17,10.05,,,,,,,,,,,,10.0600004196167,2026-09-25,10.081571429116385,,,,,,,258088228.58537945,,,0.0,0.0014054302359629127,Non-Compliant,True,True,Non-Compliant,Blank-check company holding interest-bearing trust assets
ZIP,"ZipRecruiter, Inc. Class A Common Stock",Stock,NYSE,2026-09-27 16:38,True,EQUITY,"ZipRecruiter, Inc.",Communication Services,Internet Content & Information,United States,288613824.0,69196677.0,264992000.0,173808000.0,452263008.0,10.636363,24.278896,-3.4177217,0.6381548,64.548,,,0.00378,0.89118,0.03505,0.061979998,0.052,,3.034,,1.442,none,,2.0,4.75,4.75,5.0,4.5,,,0.0,5.61,1.65,,,,,,,,,,,,3.509999990463257,2026-09-25,3.5764940136457346,-0.2386117377859096,,,,,0.35327635695323334,247481501.0546775,,,1.070754779127729,0.7023070381393864,Compliant,False,False,Non-Compliant,Debt is 107% of market cap (limit 30%); Cash and securities are 70% of market cap (limit 30%)
ATLQ,JAB Acquisition Corp I - Class A Ordinary Shares,Stock,NASDAQ,2026-09-27 16:38,True,EQUITY,JAB Acquisition Corp I Class A Ordinary Shares,Financial Services,Shell Companies,United States,284052192.0,18605000.0,0.0,644149.0,,,,998.0,,,,,,0.0,0.0,0.0,,,,,,none,,,,,,,,,,9.99,9.89,,,,,,,,,,,,9.979999542236328,2026-09-25,9.947941022760729,,,,,,,185081442.72846335,,,0.0,0.003480354326743842,Non-Compliant,True,True,Non-Compliant,Blank-check company holding interest-bearing trust assets
SAMO,Samos Energy Acquisition Corporation Class A Ordinary Shares,Stock,NYSE,2026-09-27 16:38,True,EQUITY,Samos Energy Acquisition Corporation,Financial Services,Shell Companies,United States,281750016.0,23000000.0,93088.0,,,,,,,,,,,0.0,0.0,0.0,,,,,,none,,,,,,,,,,9.9,9.79,,,,,,,,,,,,9.800000190734863,2026-09-25,9.812631607055664,,,,,,,225690526.96228027,,,0.0004124586053873578,0.0,Non-Compliant,True,True,Non-Compliant,Blank-check company holding interest-bearing trust assets
XTER,Karman Line Acquisition Corp. - Class A Ordinary Shares,Stock,NASDAQ,2026-09-27 16:38,True,EQUITY,Karman Line Acquisition Corp. Class A Ordinary Shares,Financial Services,Shell Companies,United States,267293600.0,27316667.0,,,,,,-4892.4995,,,,,,0.0,0.0,0.0,,,,,,none,,,,,,,,,,9.9,9.78,,,,,,,,,,,,9.789999961853027,2026-09-25,9.8128570829119,,,,,,,268054549.25249577,,,0.0,0.0,Non-Compliant,True,True,Non-Compliant,Blank-check company holding interest-bearing trust assets
FACT,FACT II Acquisition Corp. - Class A Ordinary Shares,Stock,NASDAQ,2026-09-27 16:38,True,EQUITY,FACT II Acquisition Corp,,,,260752784.0,18488125.0,,,,67.006874,,-26.80275,,,,,,,,,,,,,,none,,,,,,,,,,10.75,10.28,,,,,,,,,,,,10.720999717712402,2026-09-25,10.524804784007282,0.04289883231482827,,,,,,194583906.44732463,,,0.0,0.0,Questionable,True,True,Questionable,Business activity unknown
QMLS,"QumulusAI, Inc. - Common Stock",Stock,NASDAQ,2026-09-27 16:38,True,EQUITY,"QumulusAI, Inc.",Technology,Software - Infrastructure,United States,238224624.0,33458515.0,130812080.0,19967188.0,17021902.0,,-13.960784,-63.571426,13.995182,-31.322,,-4.9232903,-0.09017,0.51839,-1.1426799,0.0,1.176,,0.8,,,none,,1.0,23.0,23.0,23.0,23.0,,,0.0,38.0,5.06,,,,,,,,,,,,7.119999885559082,2026-09-25,7.030392141903148,,,,,,2.2303371305734196,235226480.9357486,,,0.556111197513221,0.08488494969005626,Compliant,False,True,Non-Compliant,Debt is 56% of market cap (limit 30%)
PEBK,"Peoples Bancorp of North Carolina, Inc. - Common Stock",Stock,NASDAQ,2026-09-27 16:38,True,EQUITY,"Peoples Bancorp of North Carolina, Inc.",Financial Services,Banks - Regional,United States,230094192.0,5321327.0,18746000.0,60877000.0,90182000.0,11.879121,,1.4261684,2.5514426,,,0.13071999,0.01154,0.0,0.30358,0.22129999,0.014,0.011,,,0.303,none,,,,,,,0.84,1788393600.0,0.22530001,45.78,27.33,,,,,,,,,,,,43.2400016784668,2026-09-25,38.5316733326095,0.38678644179772803,0.9999999999999999,0.21,2026-09-03,2026-09-03,,205039633.65999493,0.84,0.01942645623018821,0.09142622655620514,0.2969035737790515,Non-Compliant,True,True,Non-Compliant,Conventional banking (interest-based)
CMT,Core Molding Technologies Inc Common Stock,Stock,NYSE American,2026-09-27 16:38,True,EQUITY,"Core Molding Technologies, Inc.",Basic Materials,Specialty Chemicals,United States,205386064.0,8849034.0,15146000.0,12134000.0,254424000.0,27.630953,13.494185,1.1927643,0.807259,8.404,,0.046719998,0.03303,0.18155001,0.04395,0.02888,-0.208,-0.558,1.996,9.403,0.454,none,,1.0,30.0,30.0,30.0,30.0,,1526860800.0,0.0,28.69,16.6,,,,,,,,,,,,23.209999084472656,2026-09-25,21.910956181378005,0.07057189842066602,,,,2018-05-21,0.29254636722798555,193890796.22152412,,,0.07811613699649463,0.0625816193262555,Compliant,True,True,Compliant,Passes business and financial ratio tests
DHX,"DHI Group, Inc. Common Stock",Stock,NYSE,2026-09-27 16:38,True,EQUITY,"DHI Group, Inc.",Technology,Software - Application,United States,204328944.0,43198507.0,40742000.0,3769000.0,124532000.0,157.66667,21.022223,2.0700219,1.6407746,7.81,,0.01232,0.05471,0.83787,0.12163,0.00972,-0.021,,0.441,43.306,1.197,none,,3.0,6.75,5.25,10.0,5.0,,,0.0,5.19,1.44,,,,,,,,,,,,4.730000019073486,2026-09-25,2.896334662855384,0.7262773732154826,,,,,0.42706130502768835,125117333.20770094,,,0.3256303419796062,0.030123723894780224,Compliant,False,True,Non-Compliant,Debt is 33% of market cap (limit 30%)
NKTX,"Nkarta, Inc. - Common Stock",Stock,NASDAQ,2026-09-27 16:38,True,EQUITY,"Nkarta, Inc.",Healthcare,Biotechnology,United States,196968176.0,71624791.0,73539000.0,182764000.0,,,-1.568444,0.79502743,,-0.773,,-0.38759,-0.19574,0.0,0.0,0.0,,,7.981,29.684,0.975,none,,6.0,10.83333,10.5,14.0,9.0,,,0.0,3.72,1.7,,,,,,,,,,,,2.75,2026-09-25,2.4197011953331087,0.34803924089392946,,,,,2.939392727272727,173310592.3981841,,,0.4243191312337267,1.0545460463264504,Compliant,False,False,Non-Compliant,Debt is 42% of market cap (limit 30%); Cash and securities are 105% of market cap (limit 30%)
RXST,"RxSight, Inc. - Common Stock",Stock,NASDAQ,2026-09-27 16:38,True,EQUITY,"RxSight, Inc.",Healthcare,Medical Devices,United States,193824560.0,41593256.0,10580000.0,208799008.0,127582000.0,,-6.68618,0.73582816,1.5192156,0.085,,-0.17345,-0.10411,0.77499,-0.40811002,-0.36799,0.003,,4.07,4.018,1.158,hold,3.1,8.0,7.56875,6.65,11.0,5.5,,,0.0,13.22,4.48,,,,,,,,,,,,4.659999847412109,2026-09-25,7.6158964130508,-0.4839424158123642,,,,,0.6241953321529055,316769929.17750365,,,0.0333996349573682,0.6591503446749152,Compliant,True,False,Non-Compliant,Cash and securities are 66% of market cap (limit 30%)
EPM,"Evolution Petroleum Corporation, Inc. Common Stock",Stock,NYSE American,2026-09-27 16:38,True,EQUITY,Evolution Petroleum Corporation,Energy,Oil & Gas E&P,United States,141406224.0,40172226.0,56946000.0,6137000.0,86343000.0,,46.93333,2.0952382,1.6377265,8.102,,-0.03674,0.00239,0.417,0.25066,-0.02813,0.147,0.31,0.918,94.275,0.293,strong_buy,1.0,4.0,4.9375,4.75,6.0,4.25,0.48,1789948800.0,6.0,5.03,3.19,,,,,,,,,,,,3.5199999809265137,2026-09-25,4.120239044090666,-0.2931726973002303,0.48,0.12,2026-09-21,2026-09-21,0.4026988712370334,165519174.0532342,0.48,0.1363636371025369,0.3440447327370366,0.037077275397871555,Compliant,False,True,Non-Compliant,Debt is 34% of market cap (limit 30%)
VECA,Vernal Capital Acquisition Corp. Ordinary Shares,Stock,NYSE,2026-09-27 16:38,True,EQUITY,Vernal Capital Acquisition Corp.,Financial Services,Shell Companies,United States,128769528.0,12851250.0,0.0,669644.0,,,,-345.51727,,,,,,0.0,0.0,0.0,,,0.161,,,none,,,,,,,,,,11.01,9.87,,,,,,,,,,,,10.020000457763672,2026-09-25,9.981777784559462,,,,,,,128278321.75381978,,,0.0,0.0052202429127902105,Non-Compliant,True,True,Non-Compliant,Blank-check company holding interest-bearing trust assets
HDRN,"Hadron Energy, Inc. - Common Stock",Stock,NASDAQ,2026-09-27 16:38,True,EQUITY,"Hadron Energy, Inc. - Common Stock",Industrials,Specialty Industrial Machinery,United States,97953408.0,71498842.0,0.0,22217000.0,,,,5.0,,-2.465,,,,0.0,0.0,0.0,,,13.261,,-0.383,none,,,,,,,,,0.0,12.5,1.19,,,,,,,,,,,,1.3700000047683716,2026-09-25,7.419498009035787,-0.8683957709078209,,,,,,530485515.86736435,,,0.0,0.04188050254996,Compliant,True,True,Compliant,Passes business and financial ratio tests
JTTT,JATT III Acquisition Corp - Ordinary Shares,Stock,NASDAQ,2026-09-27 16:38,True,EQUITY,JATT III Acquisition Corp,Financial Services,Shell Companies,United States,96917456.0,8859000.0,0.0,,,,,3646.6665,,,,,,0.0,0.0,0.0,,,,,,none,,,,,,,,,,11.95,10.56,,,,,,,,,,,,10.9399995803833,2026-09-25,11.015454509041525,,,,,,,97585911.49559887,,,0.0,0.0,Non-Compliant,True,True,Non-Compliant,Blank-check company holding interest-bearing trust assets
LCCC,Lakeshore Acquisition III Corp. - Ordinary Shares,Stock,NASDAQ,2026-09-27 16:38,True,EQUITY,Lakeshore Acquisition III Corp.,Financial Services,Shell Companies,United States,93680608.0,8905000.0,0.0,252080.0,,29.222223,,-44.201683,,,,,,0.0,0.0,0.0,,0.567,,,,none,,,,,,,,,0.0,10.56,10.08,,,,,,,,,,,,10.520000457763672,2026-09-25,10.306318682028477,0.04365084696308652,,,,,,91777767.8634636,,,0.0,0.002746634679272388,Non-Compliant,True,True,Non-Compliant,Blank-check company holding interest-bearing trust assets
SPAI,Safe Pro Group Inc. - Common Stock,Stock,NASDAQ,2026-09-27 16:38,True,EQUITY,Safe Pro Group Inc.,Industrials,Aerospace & Defense,United States,84913136.0,20362862.0,595013.0,10230514.0,2881329.0,,,7.091837,29.470129,-5.525,,-1.9817799,-1.0234,0.65189004,-2.456,0.0,13.362,,8.762,4.971,3.647,none,,3.0,10.66667,10.0,13.0,9.0,,,0.0,9.05,3.23,,,,,,,,,,,,4.170000076293945,2026-09-25,4.868027872298343,-0.35846152672400844,,,,,1.5579543896507357,99126979.7757648,,,0.006002533329936807,0.10320615056710547,Questionable,True,True,Questionable,Weapons manufacturing (scholars differ)
JFIN,Jiayin Group Inc. - American Depositary Shares,Stock,NASDAQ,2026-09-27 16:38,True,EQUITY,Jiayin Group Inc.,Financial Services,Credit Services,China,79017608.0,25329546.0,636894976.0,503991008.0,4053968896.0,2.1571429,0.79473686,0.1262085,0.01949142,0.638,,0.05725,0.01852,0.63108003,-0.33472002,0.057210002,-0.609,,1.793,15.132,0.892,none,,,,,,,0.8,1752451200.0,1.2165,11.64,1.415,,,,,,,,,,,,1.5099999904632568,2026-09-25,5.383215148135485,-0.8559160251507952,,,,2025-07-14,,136354395.7225946,0.8,0.5298013278493903,4.670879678098,3.69618452950605,Non-Compliant,False,False,Non-Compliant,Interest-based lending; Debt is 467% of market cap (limit 30%); Cash and securities are 370% of market cap (limit 30%)
PRTS,"CarParts.com, Inc. - Common Stock",Stock,NASDAQ,2026-09-27 16:38,True,EQUITY,"CarParts.com, Inc.",Consumer Cyclical,Auto Parts,United States,69325312.0,8098751.0,51140000.0,38171000.0,515799008.0,,-4.389744,1.1575389,0.13440374,-15.878,,-0.46312,-0.079959996,0.33001,-0.02375,-0.05353,-0.107,,1.671,90.046,0.708,none,,2.0,10.85,10.85,15.0,6.7,,,0.0,10.98,3.7,,,,,,,,,,,,8.5600004196167,2026-09-25,6.565059773950463,0.1413333892822266,,,,,0.2675233023511747,53168784.40934108,,,0.9618425654850095,0.7179212469129507,Compliant,False,False,Non-Compliant,Debt is 96% of market cap (limit 30%); Cash and securities are 72% of market cap (limit 30%)
SPCB,"SuperCom, Ltd. - Ordinary Shares",Stock,NASDAQ,2026-09-27 16:38,True,EQUITY,SuperCom Ltd.,Industrials,Security & Protection Services,Israel,58219792.0,6280452.0,23160000.0,7429000.0,29408000.0,12.360001,8.276786,1.1230919,1.9797263,19.387,,0.02022,-0.0049,0.55767,0.106079996,0.029240001,0.133,-0.145,5.747,48.455,1.181,none,,2.0,17.0,17.0,18.0,16.0,,,0.0,13.16,7.07,,,,,,,,,,,,9.270000457763672,2026-09-25,9.823904358533275,-0.2813952921015803,,,,,0.8338726171002953,61698559.77635902,,,0.37537342984907396,0.12040799699260667,Compliant,False,True,Non-Compliant,Debt is 38% of market cap (limit 30%)
MKTW,"MarketWise, Inc. - Class A Common Stock",Stock,NASDAQ,2026-09-27 16:38,True,EQUITY,"MarketWise, Inc.",Financial Services,Financial Data & Stock Exchanges,United States,56803744.0,2792711.0,5536000.0,32914000.0,317502016.0,22.853933,101.7,-1.6216216,0.17890829,-7.289,,,0.084989995,0.86017,-0.05614,0.00703,-0.052,,0.352,,0.197,none,,3.0,23.75667,23.27,28.0,20.0,1.15,1787097600.0,1.0112001,22.83,13.49,,,,,,,,,,,,20.34000015258789,2026-09-25,16.870517909289358,0.21723526433273843,1.75,0.45,2026-08-19,2026-08-19,0.16797786734418496,47114480.94096939,1.15,0.05653883930053381,0.1175010291832814,0.6985962562388952,Questionable,True,False,Non-Compliant,Cash and securities are 70% of market cap (limit 30%)
AHMA,Ambitions Enterprise Management Co. L.L.C - Class A Ordinary Shares,Stock,NASDAQ,2026-09-27 16:38,True,EQUITY,Ambitions Enterprise Management Co. L.L.C,Consumer Cyclical,Travel Services,United Arab Emirates,40723252.0,10965000.0,110970.0,2928797.0,20229180.0,34.25,,3.261905,2.0130947,27.293,,0.12967,0.06444,0.24858,0.09134,0.06046,0.046,0.042,4.183,0.888,,none,,,,,,,,,0.0,39.5,0.756,,,,,,,,,,,,1.3700000047683716,2026-09-25,4.951414537990195,-0.7053763491030385,,,,,,54292260.40906249,,,0.0020439377392634187,0.05394501864415142,Compliant,True,True,Compliant,Passes business and financial ratio tests
STRR,"Star Equity Holdings, Inc. - Common Stock",Stock,NASDAQ,2026-09-27 16:38,True,EQUITY,"Star Equity Holdings, Inc.",Industrials,Staffing & Employment Services,United States,37521228.0,3689403.0,28197000.0,11096000.0,209754000.0,,8.655319,0.629137,0.17888206,-26.0,,-0.18240999,-0.04217,0.081599995,-0.024939999,-0.043449998,0.546,,1.963,47.155,0.509,none,,3.0,17.33333,16.0,26.0,10.0,,1465516800.0,0.0,11.99,8.95,,,,,,,,,,,,10.170000076293945,2026-09-25,10.466613556759292,-0.10789470029779735,,,,2016-06-10,0.704358885935864,38615555.4561484,,,0.7301979647041552,0.2873453422831261,Compliant,False,True,Non-Compliant,Debt is 73% of market cap (limit 30%)
NNVC,"NanoViricides, Inc. Common Stock",Stock,NYSE American,2026-09-27 16:38,True,EQUITY,"NanoViricides, Inc.",Healthcare,Biotechnology,United States,36759388.0,25527353.0,0.0,3213256.0,,,-4.114286,3.4042554,,-3.67,,-0.89967,-0.50465,0.0,0.0,0.0,,,3.171,,1.658,strong_buy,1.0,2.0,6.0,6.0,6.0,6.0,,,0.0,2.23,0.85,,,,,,,,,,,,1.440000057220459,2026-09-25,1.30936254590631,0.014084577986089863,,,,,3.1666665010982156,33424559.91432908,,,0.0,0.09613457913091265,Compliant,True,True,Compliant,Passes business and financial ratio tests
SJ,Scienjoy Holding Corporation - Class A Ordinary Shares,Stock,NASDAQ,2026-09-27 16:38,True,EQUITY,Scienjoy Holding Corporation,Communication Services,Internet Content & Information,China,29299310.0,39537710.0,12724000.0,333435008.0,1216909056.0,,,0.31591916,0.024076829,4.267,,-0.64712995,-0.04756,0.17899999,0.04003,-0.46768,-0.08,,3.447,2.123,0.896,none,,1.0,2.0020287,2.0020287,2.0020287,2.0020287,,,0.0,1.63,0.45,,,,,,,,,,,,0.6899999976158142,2026-09-25,0.9361115548002767,0.1896552025350473,,,,,1.9014908795908596,37011707.18134245,,,0.34378311537096967,9.008906462117588,Compliant,False,False,Non-Compliant,Debt is 34% of market cap (limit 30%); Cash and securities are 901% of market cap (limit 30%)
NXPL,NextPlat Corp - Common Stock,Stock,NASDAQ,2026-09-27 16:38,True,EQUITY,NextPlat Corp,Technology,Software - Application,United States,24446130.0,2713222.0,1580000.0,11940000.0,48892000.0,,14.770492,1.4919689,0.5000027,-2.522,,-0.39946997,-0.12702,0.27131,-0.01069,-0.16350001,-0.103,,2.29,9.584,1.942,none,,1.0,12.0,12.0,12.0,12.0,,,0.0,11.1,3.4,,,,,,,,,,,,9.010000228881836,2026-09-25,6.693745006128136,0.06000002692727491,,,,,0.33185346228223467,18161616.213016994,,,0.08699666271262603,0.657430476448579,Compliant,True,False,Non-Compliant,Cash and securities are 66% of market cap (limit 30%)
JSPR,"Jasper Therapeutics, Inc. - Class A Common Stock",Stock,NASDAQ,2026-09-27 16:38,True,EQUITY,"Jasper Therapeutics, Inc.",Healthcare,Biotechnology,United States,20267534.0,33274561.0,,,,,-0.23792969,12.181999,,,,,,0.0,0.0,0.0,,,,,,none,,,,,,,,,0.0,2.69,0.315,,,,,,,,,,,,0.609000027179718,2026-09-25,1.2274422320236722,-0.7534412873985358,,,,,,40842601.42344783,,,0.0,0.0,Compliant,True,True,Compliant,Passes business and financial ratio tests
BMR,Beamr Imaging Ltd. - Ordinary Share,Stock,NASDAQ,2026-09-27 16:38,True,EQUITY,Beamr Imaging Ltd.,Technology,Software - Application,Israel,19567618.0,15529854.0,0.0,7736000.0,2910000.0,,-3.4054053,1.675532,6.7242675,-1.636,,-0.48400003,-0.29135,0.89449996,-5.02149,-2.48763,-0.172,,8.078,,3.782,none,,1.0,5.0,5.0,5.0,5.0,,,0.0,3.24,1.061,,,,,,,,,,,,1.2599999904632568,2026-09-25,1.8206294822502895,-0.5728813660689311,,,,,2.968253998289063,28274110.04744259,,,0.0,0.2736071970795674,Compliant,True,True,Compliant,Passes business and financial ratio tests
ACCS,ACCESS Newswire Inc. Common Stock,Stock,NYSE American,2026-09-27 16:38,True,EQUITY,ACCESS Newswire Inc.,Communication Services,Advertising Agencies,United States,18332786.0,3827304.0,2674000.0,2962000.0,22467000.0,,6.2207794,0.6310935,0.8159873,18.413,,-0.050679997,-0.024319999,0.74861,-0.05465,-0.076290004,-0.001,,0.819,9.141,0.384,none,,2.0,12.5,12.5,13.0,12.0,,1532390400.0,0.0,11.34,4.74,,,,,,,,,,,,4.789999961853027,2026-09-25,7.656015933747311,-0.5544186081997184,,,,2018-07-24,1.6096033610748366,29301900.407294817,,,0.09125687968464659,0.10108559372697203,Compliant,True,True,Compliant,Passes business and financial ratio tests
OPTT,"Ocean Power Technologies, Inc. Common Stock",Stock,NYSE American,2026-09-27 16:38,True,EQUITY,"Ocean Power Technologies, Inc.",Industrials,Specialty Industrial Machinery,United States,18099302.0,9004628.0,9818000.0,7356000.0,4258000.0,,-0.90134525,36.545456,4.250658,-0.462,,-3.1899,-0.75662005,-2.05002,-8.40164,0.0,0.441,,0.523,116.148,2.6,none,,2.0,45.0,45.0,45.0,45.0,,,0.0,21.6,1.75,,,,,,,,,,,,2.009999990463257,2026-09-25,0.43290836372935915,2.865384738826192,,,,,21.388059807716008,3898178.773471572,,,2.518612041811632,1.8870350559753888,Compliant,False,False,Non-Compliant,Debt is 252% of market cap (limit 30%); Cash and securities are 189% of market cap (limit 30%)
NXXT,"NextNRG, Inc. - Common Stock",Stock,NASDAQ,2026-09-27 16:38,True,EQUITY,"NextNRG, Inc.",Utilities,Utilities - Renewable,United States,14465300.0,16800000.0,23688942.0,883696.0,94678112.0,,-0.5318125,-0.7583779,0.15278399,-0.926,,,-1.3089501,0.08964,-0.15955,-0.61454,0.409,,0.182,,0.036,none,,2.0,12.5,12.5,15.0,10.0,,,0.0,28.8,0.816,,,,,,,,,,,,0.8510000109672546,2026-09-25,0.859719998061657,-0.5192090281708392,,,,,13.688601455824168,14443295.967435837,,,1.64013408389675,0.06118381856831016,Compliant,False,True,Non-Compliant,Debt is 164% of market cap (limit 30%)
NRSN,NeuroSense Therapeutics Ltd. - Ordinary Shares,Stock,NASDAQ,2026-09-27 16:38,True,EQUITY,NeuroSense Therapeutics Ltd.,Healthcare,Biotechnology,Israel,13183469.0,1896902.0,170000.0,166000.0,,,-0.5148148,-7.254697,,-1.11,,-21.749762,-2.47301,0.0,0.0,0.0,,,0.309,,1.578,strong_buy,1.0,3.0,133.33333,160.0,180.0,60.0,,,0.0,26.64,5.0,,,,,,,,,,,,6.949999809265137,2026-09-25,1.0518639967441559,4.604838512752606,,,,,18.184652325062164,1995282.9191519828,,,0.08520094988446644,0.08319622165189076,Compliant,True,True,Compliant,Passes business and financial ratio tests
YHGJ,Yunhong Green CTI Ltd. - Common Stock,Stock,NASDAQ,2026-09-27 16:38,True,EQUITY,Yunhong Green CTI Ltd.,Consumer Cyclical,Packaging & Containers,United States,6366555.0,2609244.0,8563000.0,320000.0,19500000.0,,,0.89838,0.32649,-490.805,,-0.29496,-0.01928,0.16913,-0.082049996,-0.14425999,-0.285,,1.409,110.877,0.531,none,,,,,,,,1310601600.0,0.0,10.29,2.38,,,,,,,,,,,,2.440000057220459,2026-09-25,3.652191233349986,-0.5396226472810477,,,,2011-07-14,,9529458.06247105,,,0.8985820540753351,0.0335800837678509,Compliant,False,True,Non-Compliant,Debt is 90% of market cap (limit 30%)
CYAB,"Cyabra, Inc. - Common Stock",Stock,NASDAQ,2026-09-27 16:38,True,EQUITY,"Cyabra, Inc.",Technology,Software - Infrastructure,Israel,3822084.0,17597071.0,2490000.0,794000.0,6384000.0,,,-0.26423356,0.59869736,-0.284,,,-5.73209,0.85072,-1.68376,0.0,0.392,,0.143,,0.426,strong_buy,1.5,2.0,1.0,1.0,1.0,1.0,,,0.0,6.2,0.216,,,,,,,,,,,,0.2199999988079071,2026-09-25,0.6307936529555018,,,,,,3.545454570084564,11100120.697407326,,,0.2243218851288341,0.07153075373184509,Compliant,True,True,Compliant,Passes business and financial ratio tests
WETO,Wetour Robotics Limited - Ordinary Shares,Stock,NASDAQ,2026-09-27 16:38,True,EQUITY,Wetour Robotics Limited,Technology,Software - Infrastructure,United States,1843039.0,1077801.0,23072604.0,1301139.0,27777562.0,,,5.700571,0.066349916,-1.204,,-0.60516,-0.19309,0.14154,-1.15379,-0.75878,-0.45,,1.091,51.618,,none,,,,,,,,,0.0,251.0,1.45,,,,,,,,,,,,1.7100000381469727,2026-09-25,70.42946213982495,-0.9913197967606753,,,,,,75908944.72376546,,,0.3039510572036244,0.017140786303048702,Compliant,False,True,Non-Compliant,Debt is 30% of market cap (limit 30%)
SCNI,Scinai Immunotherapeutics Ltd. - American Depositary Shares,Stock,NASDAQ,2026-09-27 16:38,True,EQUITY,Scinai Immunotherapeutics Ltd.,Healthcare,Biotechnology,Israel,1050250.0,677581.0,3580000.0,2654000.0,1487000.0,0.055219095,,0.14472455,0.7062878,-1.121,,-0.26534,-0.36154,-2.5232,-4.6652203,-1.74781,1.46,,1.563,30.515,2.084,none,,,,,,,,,0.0,16.3,1.43,,,,,,,,,,,,1.5499999523162842,2026-09-25,6.805139429540748,-0.8825757594914257,,,,,,4611033.17980765,,,0.7763986638997337,0.575575992734607,Compliant,False,False,Non-Compliant,Debt is 78% of market cap (limit 30%); Cash and securities are 58% of market cap (limit 30%)
FTRA,FutureCorp Space Acquisition 1 Class A Ordinary Shares,Stock,NYSE,2026-09-27 16:38,True,EQUITY,FutureCorp Space Acquisition 1,Financial Services,Shell Companies,United States,,,0.0,1003716.0,,,,1.2778641,,,,,,0.0,0.0,0.0,,,,,,none,,,,,,,,,,9.98,9.85,,,,,,,,,,,,9.859999656677246,2026-09-25,9.880227197300304,,,,,,,,,,,,Non-Compliant,,,Non-Compliant,Blank-check company holding interest-bearing trust assets
GJT,"Synthetic Fixed-Income Securities, Inc. Floating Rate Structured Repackaged Asset-Backed Trust Securities Certificates, Series 2006-3",Stock,NYSE,2026-09-27 16:38,True,EQUITY,"Strats(SM) Trust For Allstate Corp Securities, Series 2006-3 06-3 ASSET BKD",,,,,,,,,,,,,,,,,,,,,,,,,,,,,,,,,,,23.75,22.05,,,,,,,,,,,,23.239999771118164,2026-09-25,23.17107547136892,0.01043477265731152,1.149,0.098,2026-08-31,2026-08-31,,,1.149,0.049440620108264194,,,Questionable,,,Questionable,Business activity unknown; Balance sheet data unavailable
